bucket,company,name,series,current_images,retired_images,all_retired
shinkansen,JR新幹線,荷物新幹線,,00_shinkansen/e3-cargo-shinkansen__e3w.png,,False
shinkansen,JR新幹線,東北新幹線E10,,00_shinkansen/tohoku-shinkansen__e10.png,,False
shinkansen,JR新幹線,SOAR E927,,00_shinkansen/inspection-car__e927.png,,False
shinkansen,JR新幹線,はやぶさ,,00_shinkansen/hayabusa-e5-h5__e5.png;00_shinkansen/hayabusa-e5-h5__h5.png;00_shinkansen/hayabusa-e5-h5__e5-1.png;00_shinkansen/hayabusa-e5-h5__h5-1.png,,False
shinkansen,JR新幹線,こまち,,00_shinkansen/komachi-e6__e6.png;00_shinkansen/komachi-e6__e6-1.png,00_shinkansen/untitled__e3k.png;00_shinkansen/untitled__e3kk.png;00_shinkansen/untitled__e3-k.png;00_shinkansen/untitled__e3kp.png;00_shinkansen/untitled__e3kpk.png;00_shinkansen/untitled__e3-kp.png,False
shinkansen,JR新幹線,やまびこ,,00_shinkansen/yamabiko-e2-1__e2pi.png;00_shinkansen/yamabiko-e2-1__e2pik.png;00_shinkansen/yamabiko-e2-1__e2-pi.png,,False
shinkansen,JR新幹線,E8/E3-2つばさ,,00_shinkansen/e8-e3-2-tsubasa__e8.png;00_shinkansen/e8-e3-2-tsubasa__e8-1.png;00_shinkansen/e8-e3-2-tsubasa__e3t2n.png;00_shinkansen/e8-e3-2-tsubasa__e3-t2n.png,,False
shinkansen,JR新幹線,かがやき/とき,,00_shinkansen/kagayaki-toki__e7.png,,False
shinkansen,JR新幹線,East-i,,00_shinkansen/measureing-car__e926.png,,False
shinkansen,JR新幹線,アルファX試験車,,,00_shinkansen/x__e956a.png;00_shinkansen/x__e956a-1.png;00_shinkansen/x__e956ay.png;00_shinkansen/x__e956b.png;00_shinkansen/x__e956b-1.png;00_shinkansen/x__e956by.png,True
shinkansen,JR新幹線,あさま,,,00_shinkansen/asama-e2-0__e2.png;00_shinkansen/asama-e2-0__e2k.png;00_shinkansen/asama-e2-0__e2-1.png,True
shinkansen,JR新幹線,やまびこ/とき,200,,00_shinkansen/yamabiko-toki-e2-0__e2pi0.png;00_shinkansen/yamabiko-toki-e2-0__e2pi0k.png;00_shinkansen/yamabiko-toki-e2-0__e2-pi0.png;00_shinkansen/yamabiko-200__e200.png;00_shinkansen/yamabiko-200__e200k.png;00_shinkansen/yamabiko-200__e200-1.png;00_shinkansen/yamabiko-200__e200-2.png;00_shinkansen/yamabiko-200__e200o2.png,True
shinkansen,JR新幹線,初代リバイバル塗装,,,00_shinkansen/e2-yamabiko-toki__e2g.png;00_shinkansen/e2-yamabiko-toki__e2gk.png;00_shinkansen/e2-yamabiko-toki__e2-g.png,True
shinkansen,JR新幹線,Maxとき/たにがわ,,,00_shinkansen/max-toki-e4-e1__e4n.png;00_shinkansen/max-toki-e4-e1__e4n-1.png;00_shinkansen/max-toki-e4-e1__e4.png;00_shinkansen/max-toki-e4-e1__e4-1.png;00_shinkansen/max-toki-e4-e1__e1n.png;00_shinkansen/max-toki-e4-e1__e1.png,True
shinkansen,JR新幹線,やまびこ/ときRN車,,,00_shinkansen/rn__e200ng.png;00_shinkansen/rn__e200ngk.png;00_shinkansen/rn__e200-ng.png;00_shinkansen/rn__e200n.png;00_shinkansen/rn__e200nk.png;00_shinkansen/rn__e200-n.png,True
shinkansen,JR新幹線,試験車,962,,00_shinkansen/emu-962__j962.png,True
shinkansen,JR新幹線,つばさ,400,,00_shinkansen/tsubasa-e3-1-2__e3t2.png;00_shinkansen/tsubasa-e3-1-2__e3t.png;00_shinkansen/tsubasa-e3-1-2__e3t2k.png;00_shinkansen/tsubasa-e3-1-2__e3tk.png;00_shinkansen/tsubasa-e3-1-2__e3-t2.png;00_shinkansen/tsubasa-e3-1-2__e3-t.png;00_shinkansen/tsubasa-e3-1-2__e3t1n.png;00_shinkansen/tsubasa-e3-1-2__e3-t1n.png;00_shinkansen/tsubasa-400__e400n.png;00_shinkansen/tsubasa-400__e400.png;00_shinkansen/tsubasa-400__e400nk.png;00_shinkansen/tsubasa-400__e400k.png;00_shinkansen/tsubasa-400__e400-n.png;00_shinkansen/tsubasa-400__e400-1.png,True
shinkansen,JR新幹線,現美新幹線,,,00_shinkansen/genbi-e3-7__e3gb.png,True
shinkansen,JR新幹線,とれいゆつばさ,2026,,00_shinkansen/toreiyu-e3-7-jr-1-2-2026-7-27-update__e3ty.png,True
shinkansen,JR新幹線,ファステック360S,,,00_shinkansen/360s__e954b.png;00_shinkansen/360s__e954b-1.png;00_shinkansen/360s__e954a.png;00_shinkansen/360s__e954yb.png;00_shinkansen/360s__e954yb-1.png;00_shinkansen/360s__e954-a.png,True
shinkansen,JR新幹線,360Z/Star21,360Z,,00_shinkansen/360z-star21__e955.png;00_shinkansen/360z-star21__e955-1.png;00_shinkansen/360z-star21__e952.png;00_shinkansen/360z-star21__e955y.png;00_shinkansen/360z-star21__e955y-1.png;00_shinkansen/360z-star21__e953.png,True
shinkansen,JR新幹線,リニアExp,,00_shinkansen/exp__mlx001.png;00_shinkansen/exp__mlx001b.png;00_shinkansen/exp__mlx01y.png;00_shinkansen/exp__mlx01.png;00_shinkansen/exp__mlx01a.png;00_shinkansen/exp__c-l0.png;00_shinkansen/exp__c-l0-1.png;00_shinkansen/exp__c-l0a.png,,False
shinkansen,JR新幹線,WIN350/300X/,,,00_shinkansen/test-car__w500a.png;00_shinkansen/test-car__w500b.png;00_shinkansen/test-car__c955a.png;00_shinkansen/test-car__c955b.png;00_shinkansen/test-car__0kwsk-efset.png,True
shinkansen,JR新幹線,"さくら,つばめ,みずほ",800 N700,00_shinkansen/sakura-n700-800__k800.png;00_shinkansen/sakura-n700-800__k800n.png;00_shinkansen/sakura-n700-800__w700n.png,,False
shinkansen,JR新幹線,西九州新幹線かもめ,N700S,00_shinkansen/kamome-n700s__k700s.png;00_shinkansen/kamome-n700s__k700s2.png,,False
shinkansen,JR新幹線,"のぞみ,ひかり,こだま",700 N700S,00_shinkansen/n700s-a-700__c700ns.png;00_shinkansen/n700s-a-700__c700n.png;00_shinkansen/n700s-a-700__c700.png,,False
shinkansen,JR新幹線,山陽こだま,500 N700,00_shinkansen/rail-star-500-n700__w700nm.png;00_shinkansen/rail-star-500-n700__w700.png;00_shinkansen/rail-star-500-n700__w500.png;00_shinkansen/rail-star-500-n700__w500e.png;00_shinkansen/rail-star-500-n700__w500k.png,,False
shinkansen,JR新幹線,京都鉄博500EVA2,,,00_shinkansen/kyoto-rail-museum__w500e2.png,True
shinkansen,JR新幹線,こだま/グランドひかり,100 300,,00_shinkansen/kodama-0-100-300__w0n.png;00_shinkansen/kodama-0-100-300__w100n.png;00_shinkansen/kodama-0-100-300__c300.png;00_shinkansen/kodama-0-100-300__c300p.png;00_shinkansen/kodama-0-100-300__w0w.png;00_shinkansen/kodama-0-100-300__c0.png;00_shinkansen/kodama-0-100-300__c100.png;00_shinkansen/kodama-0-100-300__w100.png,True
shinkansen,JR新幹線,高速試験車,,,00_shinkansen/untitled__j961.png;00_shinkansen/untitled__j961s.png;00_shinkansen/untitled__e925.png;00_shinkansen/untitled__j1000a.png;00_shinkansen/untitled__j1000b.png;00_shinkansen/untitled__c700n1.png,True
shinkansen,JR新幹線,Dr.イエロー923/*922,922,00_shinkansen/dr-923-922__c923.png;00_shinkansen/dr-923-922__c922.png;00_shinkansen/dr-923-922__c922k.png;00_shinkansen/dr-923-922__c922y.png;00_shinkansen/dr-923-922__j922a.png;00_shinkansen/dr-923-922__j922b.png;00_shinkansen/dr-923-922__e921.png,,False
shinkansen,JR新幹線,お召列車/レール輸送,9200,,00_shinkansen/royal-dl-lra91-9200__c0sp.png;00_shinkansen/royal-dl-lra91-9200__c0spw.png;00_shinkansen/royal-dl-lra91-9200__c9100.png;00_shinkansen/royal-dl-lra91-9200__c9200.png,True
shinkansen,JR新幹線,機関車/検測車,,,00_shinkansen/measureing-car__j911.png;00_shinkansen/measureing-car__j921-1.png;00_shinkansen/measureing-car__j921-2.png,True
shinkansen,JR新幹線,935救援車,,00_shinkansen/working-car__j935.png,,False
shinkansen,JR新幹線,山陽新幹線ラッピング,,00_shinkansen/sanyo-shinkansen__w700b.png;00_shinkansen/sanyo-shinkansen__w700m.png;00_shinkansen/sanyo-shinkansen__w700pi.png;00_shinkansen/sanyo-shinkansen__w700ye.png,,False
shinkansen,JR新幹線,N700試験塗装,,,00_shinkansen/test-color__c700ny.png,True
shinkansen,JR新幹線,のぞみラッピング車,2026 N700A,00_shinkansen/n700a-ad-jr-1-2-2026-7-24-update__c700n-d.png,,False
tokkyu,JR北海道,ライラック/カムイ,785 789,01_hokkaido/lilac-kamui-789-785__h789l.png;01_hokkaido/lilac-kamui-789-785__h789-1.png;01_hokkaido/lilac-kamui-789-785__h785.png,,False
tokkyu,JR北海道,道内特急,,01_hokkaido/hokkaido-express__h261-5v.png;01_hokkaido/hokkaido-express__h261-5b.png,,False
tokkyu,JR北海道,"道内特急,宗谷",,01_hokkaido/tokachi-soya__h261w.png;01_hokkaido/tokachi-soya__h261wl.png;01_hokkaido/tokachi-soya__h261.png,,False
tokkyu,JR北海道,青い星・赤い星,,01_hokkaido/blue-red-star__h141bs.png;01_hokkaido/blue-red-star__h141rs.png,,False
tokkyu,JR北海道,はこだてライナー,,01_hokkaido/hakodate-area__h733v.png,,False
tokkyu,JR北海道,流氷物語,,01_hokkaido/semmo-line__h54rmm.png;01_hokkaido/semmo-line__h54rmw.png,,False
tokkyu,JR北海道,富良野美瑛ノロッコ,,01_hokkaido/norokko__de15jfu2.png;01_hokkaido/norokko__de15jfu.png;01_hokkaido/norokko__de15jms.png;01_hokkaido/norokko__h510fu.png;01_hokkaido/norokko__h510fuk.png,,False
tokkyu,JR北海道,釧路湿原ノロッコ,,01_hokkaido/norokko__de15h2510.png;01_hokkaido/norokko__de10jku.png;01_hokkaido/norokko__h510ku.png;01_hokkaido/norokko__h510kuk.png,,False
tokkyu,JR北海道,SWA/ライラック,285,,01_hokkaido/white-arrow-285__h785o1.png;01_hokkaido/white-arrow-285__h785o.png;01_hokkaido/white-arrow-285__h285.png,True
tokkyu,JR北海道,ラッピング前H100,,,01_hokkaido/decmo__h100y.png,True
tokkyu,JR北海道,Sおおぞら/とかち,,,01_hokkaido/ozora-tokachi__h283h.png;01_hokkaido/ozora-tokachi__h283p.png;01_hokkaido/ozora-tokachi__h261t.png;01_hokkaido/ozora-tokachi__h283.png,True
tokkyu,JR北海道,ノースレインボー,,,01_hokkaido/exp__h183j52.png;01_hokkaido/exp__h183j50.png;01_hokkaido/exp__h183j51.png,True
tokkyu,JR北海道,S北斗/白鳥,,,01_hokkaido/hokuto__h281b.png;01_hokkaido/hokuto__h281kh.png;01_hokkaido/hokuto__h281pb.png;01_hokkaido/hokuto__h281pn.png;01_hokkaido/hokuto__h281ps.png;01_hokkaido/hokuto__h281p.png;01_hokkaido/hokuto__h281.png;01_hokkaido/hokuto__h281h.png,True
tokkyu,JR北海道,ラッピング特急,,,01_hokkaido/hokuto-kamui__h281psnsn.png;01_hokkaido/hokuto-kamui__h789g1.png,True
tokkyu,JR北海道,スーパー白鳥,,,01_hokkaido/hakucho__h785g.png;01_hokkaido/hakucho__h789.png,True
tokkyu,JR北海道,ライラック781,,,01_hokkaido/lilac__h781.png,True
tokkyu,JR北海道,北海道内特急,183,,01_hokkaido/het-183__h183het.png;01_hokkaido/het-183__h183het2.png;01_hokkaido/het-183__h183khet.png;01_hokkaido/het-183__h183ok.png;01_hokkaido/het-183__h183to.png;01_hokkaido/het-183__h183k4.png;01_hokkaido/het-183__h183kto.png;01_hokkaido/het-183__h183to1.png,True
tokkyu,JR北海道,道内快速/特快/礼文,,,01_hokkaido/hokkaido-area__h54-ktm.png;01_hokkaido/hokkaido-area__h40o-abs.png;01_hokkaido/hokkaido-area__h40o-rmi.png;01_hokkaido/hokkaido-area__h54rb.png;01_hokkaido/hokkaido-area__h54rb2.png,True
tokkyu,JR北海道,"アルコン,トマム,フラノ",,,01_hokkaido/alphace-tomamu__h59jal2.png;01_hokkaido/alphace-tomamu__h59jal.png;01_hokkaido/alphace-tomamu__h56jal.png;01_hokkaido/alphace-tomamu__h84jtse0.png;01_hokkaido/alphace-tomamu__h84jtse.png;01_hokkaido/alphace-tomamu__h84jmlo.png;01_hokkaido/alphace-tomamu__h84jfe.png,True
tokkyu,JR北海道,道内夜行/北斗星など,,01_hokkaido/hokutosei-rishiri__h400.png;01_hokkaido/hokutosei-rishiri__h400b.png;01_hokkaido/hokutosei-rishiri__h14rs.png;01_hokkaido/hokutosei-rishiri__h14ok.png;01_hokkaido/hokutosei-rishiri__ed76-5.png;01_hokkaido/hokutosei-rishiri__ed76-5b.png;01_hokkaido/hokutosei-rishiri__dd51bl.png;01_hokkaido/hokutosei-rishiri__dd51bl2.png,,False
tokkyu,JR北海道,海峡/ミッドナイト,,,01_hokkaido/kaikyo-midnight__ed79.png;01_hokkaido/kaikyo-midnight__h50bl.png;01_hokkaido/kaikyo-midnight__h27md.png;01_hokkaido/kaikyo-midnight__h27md1.png,True
tokkyu,JR北海道,ノロッコ/ST/BBQ車,,,01_hokkaido/norokko-bbq-car__de15jnrk.png;01_hokkaido/norokko-bbq-car__h51nrk.png;01_hokkaido/norokko-bbq-car__h8000stt.png;01_hokkaido/norokko-bbq-car__h42nrk.png;01_hokkaido/norokko-bbq-car__h4350nrk.png;01_hokkaido/norokko-bbq-car__h29000bbq.png;01_hokkaido/norokko-bbq-car__h40bbq.png;01_hokkaido/norokko-bbq-car__h141bbq.png,True
tokkyu,JR北海道,座敷車,,,01_hokkaido/tatami-dmu__h183za.png;01_hokkaido/tatami-dmu__h400za.png;01_hokkaido/tatami-dmu__h56za.png;01_hokkaido/tatami-dmu__h27za0.png;01_hokkaido/tatami-dmu__h27za1.png;01_hokkaido/tatami-dmu__h27zas1.png;01_hokkaido/tatami-dmu__h27zas.png;01_hokkaido/tatami-dmu__h27za.png,True
tokkyu,JR北海道,くるくる駒ケ岳,,,01_hokkaido/untitled__h70000krkm.png;01_hokkaido/untitled__h4350.png;01_hokkaido/untitled__h70000to1.png;01_hokkaido/untitled__h70000to.png,True
tokkyu,JR北海道,利尻 ED76-5,2026,,01_hokkaido/rishiri-jr-1-2-page-2026-8-21-update__ed76r5-rsr.png,True
tokkyu,JR東日本,ルナ・アズール,,02_east/luna-azul__e657bb.png;02_east/luna-azul__e657bl.png,,False
tokkyu,JR東日本,あずさ/かいじ,,02_east/azusa-kaiji__e353.png;02_east/azusa-kaiji__e353k.png,02_east/azusa-kaiji__e257s.png;02_east/azusa-kaiji__e257sk.png;02_east/azusa-kaiji__e257.png;02_east/azusa-kaiji__e257k.png;02_east/azusa-kaiji__e257kk.png;02_east/azusa-kaiji__e257-2.png;02_east/azusa-kaiji__e257k2.png;02_east/azusa-kaiji__e183az1.png;02_east/azusa-kaiji__e183az.png;02_east/azusa-kaiji__e183ka.png,False
tokkyu,JR東日本,ひたち/ときわ,,02_east/hitachi-tokiwa__e657.png;02_east/hitachi-tokiwa__e657w.png,02_east/hitachi-tokiwa__e657b.png;02_east/hitachi-tokiwa__e657g.png;02_east/hitachi-tokiwa__e657y.png;02_east/hitachi-tokiwa__e657o.png;02_east/hitachi-tokiwa__e657r.png,False
tokkyu,JR東日本,成田Exp/房総特急,,02_east/n-ex-boso-exp__e259n.png;02_east/n-ex-boso-exp__e259nk.png;02_east/n-ex-boso-exp__e257s5.png,,False
tokkyu,JR東日本,"サフィール,踊り子",,02_east/odoriko__e261.png;02_east/odoriko__e257od25.png;02_east/odoriko__e257odk.png;02_east/odoriko__e257od.png,,False
tokkyu,JR東日本,草津四万,,02_east/kusatsu-shima__e257-55.png,,False
tokkyu,JR東日本,日光/きぬがわ,,02_east/untitled__e253nk.png;02_east/untitled__e253nkb.png,,False
tokkyu,JR東日本,いなほE653,,02_east/inaho__e653ihp.png;02_east/inaho__e653ihb.png;02_east/inaho__e653or1.png;02_east/inaho__e653jb.png,,False
tokkyu,JR東日本,しらゆきE653,,02_east/inaho-shirayuki__e653ni.png;02_east/inaho-shirayuki__e653nu1.png;02_east/inaho-shirayuki__e653nu2.png;02_east/inaho-shirayuki__e653nu.png,,False
tokkyu,JR東日本,つがる,,02_east/tsugaru__e751t.png,,False
tokkyu,JR東日本,臨時列車,,02_east/express__e257g5.png;02_east/express__e257g5k.png;02_east/express__e653j.png;02_east/express__e653m.png;02_east/express__e255s.png,,False
tokkyu,JR東日本,さきがけ,,02_east/sakigake-jr__e501skgk.png;02_east/sakigake-jr__e501skgkk.png;02_east/sakigake-jr__e501skgk0.png;02_east/sakigake-jr__e501skgkk0.png,,False
tokkyu,JR東日本,スーパーはつかり,,,02_east/hatsukari__e751.png,True
tokkyu,JR東日本,SV踊り子251,,,02_east/odoriko__e259od.png;02_east/odoriko__e251.png;02_east/odoriko__e251n.png,True
tokkyu,JR東日本,ひたち,,,02_east/hitachi__e653bl.png;02_east/hitachi__e653gr.png;02_east/hitachi__e653ye.png;02_east/hitachi__e653or.png;02_east/hitachi__e653re.png;02_east/hitachi__e651b.png,True
tokkyu,JR東日本,スーパーあずさ,,,02_east/super-azusa__e351s.png;02_east/super-azusa__e351ks.png;02_east/super-azusa__e351ks-1.png;02_east/super-azusa__e351.png;02_east/super-azusa__e351k.png;02_east/super-azusa__e351k-1.png,True
tokkyu,JR東日本,成田EXP/房総特急,,,02_east/n-ex-boso-exp__e259.png;02_east/n-ex-boso-exp__e259-1.png;02_east/n-ex-boso-exp__e253.png;02_east/n-ex-boso-exp__e253-1.png;02_east/n-ex-boso-exp__e257-5.png;02_east/n-ex-boso-exp__e255.png,True
tokkyu,JR東日本,草津/あかぎ,,,02_east/kusatsu-akagi__e651.png;02_east/kusatsu-akagi__e651f.png,True
tokkyu,JR東日本,伊豆クレイル,,,02_east/izu-kurail__e651izu.png,True
tokkyu,JR東日本,カシオペアE26,,,02_east/cassiopeia__e26.png;02_east/cassiopeia__e26f.png;02_east/cassiopeia__e26p.png,True
tokkyu,JR東日本,北斗星,,,02_east/cassiopeia__ef510e5c.png;02_east/cassiopeia__ef510e5hc.png;02_east/cassiopeia__ef510e5h.png,True
tokkyu,JR東日本,夢空間,,,02_east/yumekukan__e25yume.png,True
tokkyu,JR東日本,臨時富士回遊,,02_east/fuji-excursion__e257s5r.png;02_east/fuji-excursion__e257s5g.png;02_east/fuji-excursion__e257s5s.png,,False
tokkyu,JR東日本,"白鳥,かもしか",,,02_east/tsugaru__e485ha.png;02_east/tsugaru__e485ka.png,True
tokkyu,JR東日本,ひたち485,,,02_east/hitachi__e485hi.png;02_east/hitachi__e485hi-b.png;02_east/hitachi__e485hi-b2.png;02_east/hitachi__e485hi-b3.png,True
tokkyu,JR東日本,房総特急183,,,02_east/boso-exp__e183k.png,True
tokkyu,JR東日本,踊り子185,,,02_east/odoriko__e185od.png;02_east/odoriko__e185od2.png;02_east/odoriko__e185odj.png,True
tokkyu,JR東日本,あさま189/489,489,,02_east/asama__e489kas.png;02_east/asama__e189as.png,True
tokkyu,JR東日本,いなほ/日本海縦貫特急,,,02_east/inaho-express__e485ra.png;02_east/inaho-express__e485ih.png;02_east/inaho-express__e485mi.png;02_east/inaho-express__e485mi-b2.png;02_east/inaho-express__e485mi-b.png;02_east/inaho-express__e485mi2.png;02_east/inaho-express__e485ihk.png,True
tokkyu,JR東日本,草津/水上/あかぎ,,,02_east/kusatsu-akagi__e185sh.png;02_east/kusatsu-akagi__e185shh.png;02_east/kusatsu-akagi__e185j.png;02_east/kusatsu-akagi__e185ex.png;02_east/kusatsu-akagi__e185ex2.png;02_east/kusatsu-akagi__e185fl.png;02_east/kusatsu-akagi__e183nm.png,True
tokkyu,JR東日本,日光/あいづ,,,02_east/nikko-aizu__e485nk1.png;02_east/nikko-aizu__e485nk.png;02_east/nikko-aizu__e485ai.png;02_east/nikko-aizu__e485ai2.png,True
tokkyu,JR東日本,カシオペア,2026,02_east/cassiopeia-jr-jr-1-2-3-4-5-6-7-8-2026-5-1-update__e27dnkas.png,,False
tokkyu,JR東日本,おもしろ電車,2025,,02_east/yamanote-line-jr-jr-1-2-3-4-5-6-7-8-2025-10-10-update__e103omb.png;02_east/yamanote-line-jr-jr-1-2-3-4-5-6-7-8-2025-10-10-update__e103omg.png,True
tokkyu,JR東日本,B.B.BASE,,02_east/boso-bicicle-base__e209bbb.png,,False
tokkyu,JR東日本,中央快速10両,,,02_east/chuo-ome-line__e233or10.png;02_east/chuo-ome-line__e233or10a.png;02_east/chuo-ome-line__e209or1.png,True
tokkyu,JR東日本,ビューやまなし,,,02_east/chuo-line__e215.png;02_east/chuo-line__e215o.png,True
tokkyu,JR東日本,スマート電池,,02_east/ne-train__e993ner.png;02_east/ne-train__e993neg.png;02_east/ne-train__e995neg.png,,False
tokkyu,JR東日本,"やすらぎ,レインボー",,,02_east/untitled__e12jysrg.png;02_east/untitled__e12jysrg1.png;02_east/untitled__ef60jysrg.png;02_east/untitled__e14jser.png;02_east/untitled__ef81jser.png;02_east/untitled__ef65jser.png;02_east/untitled__ef81jser2.png,True
tokkyu,JR東日本,"ドルフィン,彩野",,,02_east/dolphin-ayano__e485mt.png;02_east/dolphin-ayano__e485mt0.png;02_east/dolphin-ayano__e189jayn.png;02_east/dolphin-ayano__e189jayn2.png,True
tokkyu,JR東日本,やまどり/華,,,02_east/yamadori-hana__e485jta.png;02_east/yamadori-hana__e485jhana.png,True
tokkyu,JR東日本,"宴,せせらぎ,やまなみ",,,02_east/tatami-car__e485jutge.png;02_east/tatami-car__e485jsese.png;02_east/tatami-car__e485jyama.png,True
tokkyu,JR東日本,江戸/ゆとり,2024,,02_east/edo-yutori-jr-jr-1-2-3-4-5-6-7-8-2024-5-10-update__e12jedo.png;02_east/edo-yutori-jr-jr-1-2-3-4-5-6-7-8-2024-5-10-update__e14jyutr.png;02_east/edo-yutori-jr-jr-1-2-3-4-5-6-7-8-2024-5-10-update__e14jyutr1.png,True
tokkyu,JR東日本,海里/RVふるさと,,02_east/kairi-furusato__e300kri.png;02_east/kairi-furusato__e300frst.png,,False
tokkyu,JR東日本,ばんえつ物語/シュクラ,,02_east/banetsu-shukura__c57ba.png;02_east/banetsu-shukura__e12bap.png;02_east/banetsu-shukura__e12bap2.png;02_east/banetsu-shukura__e40jksn.png,,False
tokkyu,JR東日本,おいこっと/ハイレール,,02_east/oykot-highrail-jr__e110jiy1.png;02_east/oykot-highrail-jr__e110jiy2.png;02_east/oykot-highrail-jr__e110hr0.png;02_east/oykot-highrail-jr__e110hr.png,,False
tokkyu,JR東日本,ムーンライト,,,02_east/moonlight-echigo__e165m.png;02_east/moonlight-echigo__e165.png;02_east/moonlight-echigo__e165m1e.png;02_east/moonlight-echigo__e165he.png;02_east/moonlight-echigo__e165m1h.png;02_east/moonlight-echigo__e165h1.png;02_east/moonlight-echigo__e165m1.png;02_east/moonlight-echigo__e165m2.png;02_east/moonlight-echigo__e165m3.png;02_east/moonlight-echigo__e165m3h.png;02_east/moonlight-echigo__e165m0h.png;02_east/moonlight-echigo__e165m0.png,True
tokkyu,JR東日本,シルフィード,,,02_east/sirfied__de10jslfd2.png;02_east/sirfied__de10jslfd.png;02_east/sirfied__e485jslfd.png,True
tokkyu,JR東日本,カーペット/サロン佐渡,,,02_east/salon-sado__e58jkpt.png;02_east/salon-sado__e58jkpt1.png;02_east/salon-sado__e12jsado.png,True
tokkyu,JR東日本,ばんえつ物語/*赤倉,,,02_east/banetsu-akakura__e12ba.png;02_east/banetsu-akakura__e12ba2.png;02_east/banetsu-akakura__e165ak.png,True
tokkyu,JR東日本,彩/Kうえつ/NoDoKa,2026,,02_east/irodori-uetsu-jr-jr-1-2-3-4-5-6-7-8-2026-4-3-update__e485jngv.png;02_east/irodori-uetsu-jr-jr-1-2-3-4-5-6-7-8-2026-4-3-update__e485jngr.png;02_east/irodori-uetsu-jr-jr-1-2-3-4-5-6-7-8-2026-4-3-update__e485jkrue.png;02_east/irodori-uetsu-jr-jr-1-2-3-4-5-6-7-8-2026-4-3-update__e485jnodk.png,True
tokkyu,JR東日本,さとの/ひなび,,02_east/satono-hinabi__e300stg.png;02_east/satono-hinabi__e300stm.png;02_east/satono-hinabi__e300hnb.png,,False
tokkyu,JR東日本,陸羽/左沢/おもいで,,02_east/rikuu-aterazawa__e110oc.png;02_east/rikuu-aterazawa__e110at.png;02_east/rikuu-aterazawa__e110om.png,,False
tokkyu,JR東日本,風っこ,,02_east/kazekko__e40jkaze.png,,False
tokkyu,JR東日本,フルーティア,,,02_east/fruitea__e719ft.png,True
tokkyu,JR東日本,リゾートみのり,,02_east/minori__e40jmn.png;02_east/minori__e40jmnk.png,,False
tokkyu,JR東日本,カシオペア/北斗星,,,02_east/hokutosei__ef81kas2.png;02_east/hokutosei__ef81kas.png;02_east/hokutosei__e24.png;02_east/hokutosei__j24dng.png;02_east/hokutosei__j24hg.png;02_east/hokutosei__j24dng0.png;02_east/hokutosei__j24m50g.png,True
tokkyu,JR東日本,ふるさと,,,02_east/furusato__e40jfg.png;02_east/furusato__e40jfr.png;02_east/furusato__e40jfv.png,True
tokkyu,JR東日本,/オプティカル電車,,,02_east/senzan-line__e455se.png;02_east/senzan-line__e455opg.png;02_east/senzan-line__e455opb.png;02_east/senzan-line__e455pwr.png;02_east/senzan-line__e455pwy.png,True
tokkyu,JR東日本,こがね/*グラシア,,,02_east/kogane-gracia__e58jkgn.png;02_east/kogane-gracia__e58jgrsa.png;02_east/kogane-gracia__e58jgrsa2.png,True
tokkyu,JR東日本,オリエントサルーン,2026,,02_east/orient-saloon-jr-jr-1-2-3-4-5-6-7-8-2026-1-23-update__ed75jores.png;02_east/orient-saloon-jr-jr-1-2-3-4-5-6-7-8-2026-1-23-update__e12jores.png,True
tokkyu,JR東日本,東北エモーション,,02_east/tohoku-emotion__e110emo.png;02_east/tohoku-emotion__e110emo1.png,,False
tokkyu,JR東日本,リゾートしらかみ,,02_east/shirakami__e300sr1.png;02_east/shirakami__e300sr2.png;02_east/shirakami__e40jrs3.png;02_east/shirakami__e40kjrs3.png,02_east/shirakami__e40rs.png;02_east/shirakami__e40jrs.png;02_east/shirakami__e40kjrs.png;02_east/shirakami__e40jrs2.png;02_east/shirakami__e40kjrs2.png,False
tokkyu,JR東日本,ポケモントレイン,,02_east/ofunato-line-jr__e110pm1n.png;02_east/ofunato-line-jr__e110pm2n.png;02_east/ofunato-line-jr__e110pm1.png;02_east/ofunato-line-jr__e110pm2.png,,False
tokkyu,JR東日本,秋田リレー,,,02_east/akita-relay__e110ak.png,True
tokkyu,JR東日本,リゾートあすなろ,,,02_east/asunaro__e300as.png,True
tokkyu,JR東日本,クルージングトレイン,,02_east/cruising-train__e40jct.png,,False
tokkyu,JR東日本,あきたクルーズトレイン,,,02_east/akita-cruise-train__e40akc.png;02_east/akita-cruise-train__e40akck.png,True
tokkyu,JR東日本,みちのく/うみねこ/*,,,02_east/michinoku-umineko__e40jkrmt.png;02_east/michinoku-umineko__e40kjkrmt.png;02_east/michinoku-umineko__e40umnk.png;02_east/michinoku-umineko__e22utou.png;02_east/michinoku-umineko__e58um.png;02_east/michinoku-umineko__e58um15.png;02_east/michinoku-umineko__e52mo0.png;02_east/michinoku-umineko__e40mo0.png;02_east/michinoku-umineko__e23mo0.png,True
tokkyu,JR東日本,よねしろ,,,02_east/yoneshiro__e58ynsr.png;02_east/yoneshiro__e58ynsr2.png,True
tokkyu,JR東日本,エーデルワイス,,,02_east/untitled__e58jedw1.png;02_east/untitled__e58jedw2.png;02_east/untitled__e12jmtnk.png;02_east/untitled__e12jmtnk1.png,True
tokkyu,JR東日本,ノスビュー,,,02_east/nostalgic-view__de10jnosv.png;02_east/nostalgic-view__e50jnosv.png;02_east/nostalgic-view__e50kjnosv.png,True
tokkyu,JR東日本,さんりくトレイン,,,02_east/untitled__e58jknj3.png;02_east/untitled__e58jkenji3.png;02_east/untitled__e58jkenj.png;02_east/untitled__e58jknj3k.png;02_east/untitled__e58jkenjig.png;02_east/untitled__e58jkenjik.png,True
tokkyu,JR東日本,ジパング,,,02_east/zipang__e485jmo.png,True
tokkyu,JR東日本,SL銀河,2026,,02_east/ginga-jr-jr-1-2-3-4-5-6-7-8-2026-7-24-update__c58gng.png;02_east/ginga-jr-jr-1-2-3-4-5-6-7-8-2026-7-24-update__e141gi2.png;02_east/ginga-jr-jr-1-2-3-4-5-6-7-8-2026-7-24-update__e141gi1.png,True
tokkyu,JR東日本,Pアルプス/メルヘン,,,02_east/alps__e165jalps.png;02_east/alps__e165jalpsk.png;02_east/alps__e167jmlhn2.png;02_east/alps__e167jmlhn1.png,True
tokkyu,JR東日本,なのはな,,,02_east/nanohana__e165jnand.png;02_east/nanohana__e165jnano.png;02_east/nanohana__e165-jnano.png,True
tokkyu,JR東日本,シャトルマイハマ/α,,,02_east/shuttle-maihama__e165jmh.png;02_east/shuttle-maihama__e165jalfa.png,True
tokkyu,JR東日本,ゆう,,,02_east/yu__e485jyu.png;02_east/yu__e50jyu.png,True
tokkyu,JR東日本,なごやか/くつろぎ,,,02_east/kutsurogi__e12jngyk2.png;02_east/kutsurogi__e12jktrg0.png;02_east/kutsurogi__e12jktrg.png,True
tokkyu,JR東日本,アルカディア/おもいで,,,02_east/arcadia-omoide__e58jalkd.png;02_east/arcadia-omoide__e58jalkdk.png;02_east/arcadia-omoide__e58omid.png,True
tokkyu,JR東日本,白樺,,,02_east/shirakaba__e12jsrkb0.png;02_east/shirakaba__e12jsrkb1.png;02_east/shirakaba__e12jsrkb2.png,True
tokkyu,JR東日本,夢空間/浪漫,,,02_east/ymekukan-roman__e14jrmn1.png;02_east/ymekukan-roman__e14jrmn2.png,True
tokkyu,JR東日本,ロマンティック秋風,,,02_east/oito-line__e52akkz.png,True
tokkyu,JR東日本,四季彩,,,02_east/shikisai__e201jpi.png;02_east/shikisai__e201jmi.png;02_east/shikisai__e201jmr.png,True
tokkyu,JR東日本,小海/マザーグース,,,02_east/koumi-line__e52kum1.png;02_east/koumi-line__e52kum2.png;02_east/koumi-line__e52kum3.png;02_east/koumi-line__e52kum.png;02_east/koumi-line__e50jmg.png;02_east/koumi-line__e12jmg.png,True
tokkyu,JR東日本,アメリカンﾄﾚｲﾝ,,,02_east/american-train__ef60amtr.png;02_east/american-train__j50am.png,True
tokkyu,JR東日本,高崎トロッコ,2025,,02_east/takasaki-trokko-jr-jr-1-2-3-4-5-6-7-8-2025-1-10-update__e90000tb.png;02_east/takasaki-trokko-jr-jr-1-2-3-4-5-6-7-8-2025-1-10-update__e90000tg.png;02_east/takasaki-trokko-jr-jr-1-2-3-4-5-6-7-8-2025-1-10-update__e90000tr.png;02_east/takasaki-trokko-jr-jr-1-2-3-4-5-6-7-8-2025-1-10-update__e90000tw.png,True
tokkyu,JR東海,ひだ南紀/★みえ,,03_tokai/hida-mie-hc85-35__c85h.png;03_tokai/hida-mie-hc85-35__c35.png,,False
tokkyu,JR東海,385/383しなの,385,03_tokai/shinano__c385.png;03_tokai/shinano__c383.png;03_tokai/shinano__c383k.png;03_tokai/shinano__c383k-1.png,,False
tokkyu,JR東海,ふじかわ373,,03_tokai/shinano-fujikawa__c373.png,,False
tokkyu,JR東海,あさぎり371,,,03_tokai/asagiri__c371.png,True
tokkyu,JR東海,ひだ/ 南紀85,,,03_tokai/hida-nanki__c85.png;03_tokai/hida-nanki__c85s.png;03_tokai/hida-nanki__c85na.png,True
tokkyu,JR東海,東海各線311,,,03_tokai/311__c311sn.png;03_tokai/311__c311n.png;03_tokai/311__c311.png;03_tokai/311__c311s.png,True
tokkyu,JR東海,知多酢トーリー,,03_tokai/taketoyo-line__c313bb.png,,False
tokkyu,JR東海,しなの381,,,03_tokai/shinano__c381n.png,True
tokkyu,JR東海,ユーロL/ナコ座,,,03_tokai/euro-liner__ef65jeuro.png;03_tokai/euro-liner__ef64jeuro.png;03_tokai/euro-liner__dd51jeuro.png;03_tokai/euro-liner__c14jeuro.png;03_tokai/euro-liner__c12jeuro.png;03_tokai/euro-liner__c12jnakz.png,True
tokkyu,JR東海,ゆうゆう東海,,,03_tokai/untitled__c165jyuyu.png;03_tokai/untitled__c17tb.png;03_tokai/untitled__c17tr.png;03_tokai/untitled__c17ktb.png,True
tokkyu,JR東海,浜松工場,,,03_tokai/ed62-hamamatsu__ed62hmmt.png,True
tokkyu,JR西日本,くろしお復刻,287,04_west/kuroshio-287__w287skr.png;04_west/kuroshio-287__w287krm.png,,False
tokkyu,JR西日本,いにしへ289,,04_west/inishie__w289k-ins.png,,False
tokkyu,JR西日本,まほろば683,,04_west/mahoroba__w289mhr.png;04_west/mahoroba__w289mhs.png,,False
tokkyu,JR西日本,やくも,273,04_west/yakumo-273__w273.png,04_west/yakumo__w381yk5j.png;04_west/yakumo__w381yk5.png;04_west/yakumo__w381pyk.png;04_west/yakumo__w381ykk.png;04_west/yakumo__w381yk.png;04_west/untitled__w381psy.png;04_west/untitled__w381ksy.png;04_west/untitled__w381sy.png;04_west/untitled__w381sy0.png;04_west/untitled__w381kya.png;04_west/untitled__w381ya.png,False
tokkyu,JR西日本,はなあかり189,,04_west/hana-akari__w189hnak.png,,False
tokkyu,JR西日本,サンダーバード,,04_west/thunderbird__w683n.png;04_west/thunderbird__w681n.png;04_west/thunderbird__w683k4.png;04_west/thunderbird__w683.png;04_west/thunderbird__w681p.png;04_west/thunderbird__w681.png;04_west/thunderbird__w683k.png;04_west/thunderbird__w681k.png;04_west/thunderbird__w683k-1.png,,False
tokkyu,JR西日本,しらさぎRN,,04_west/shirasagi__w683ksrn.png;04_west/shirasagi__w683ksrn-1.png;04_west/shirasagi__w683srn.png,,False
tokkyu,JR西日本,しらさぎ(Hid灯),683,04_west/shirasagi-683__w683-8.png;04_west/shirasagi-683__w683k8.png,,False
tokkyu,JR西日本,サンガトレイン,287,04_west/kinosaki-287__w287v1.png,,False
tokkyu,JR西日本,こうのとり/くろしお,,04_west/konotori__w287k.png;04_west/konotori__w287pd2.png;04_west/konotori__w287.png;04_west/konotori__w287-1.png,,False
tokkyu,JR西日本,くろしお,,04_west/kuroshio__w283.png;04_west/kuroshio__w283k.png;04_west/kuroshio__w283k-1.png,,False
tokkyu,JR西日本,はるか,,04_west/haruka__w281.png;04_west/haruka__w281kt.png;04_west/haruka__w271.png,,False
tokkyu,JR西日本,こうのとり,289,04_west/kounotori-289__w289kani.png;04_west/kounotori-289__w289kkani.png;04_west/kounotori-289__w289g.png;04_west/kounotori-289__w289kg.png,,False
tokkyu,JR西日本,山陰特急/はまかぜ,,04_west/sanin-area__w187.png;04_west/sanin-area__w189.png,,False
tokkyu,JR西日本,サンライズ/TW瑞風,,04_west/sunrise-exp-mizukaze__w285.png;04_west/sunrise-exp-mizukaze__w285-1.png;04_west/sunrise-exp-mizukaze__w87.png,,False
tokkyu,JR西日本,ウエストエクスプレス銀河,,04_west/west-exp-ginga__w117wex.png,,False
tokkyu,JR西日本,瀬戸内MV/みすゞ潮彩,,,04_west/marine-view-misuzu__w40jsmv.png;04_west/marine-view-misuzu__w40msz.png,True
tokkyu,JR西日本,あすか/*SCなにわ,,,04_west/asuka-naniwa__w12jask.png;04_west/asuka-naniwa__w14jnanw0.png;04_west/asuka-naniwa__w14jnanw.png,True
tokkyu,JR西日本,slやまぐち北びわこ,,04_west/sl__w12jygp.png;04_west/sl__w12jyg.png;04_west/sl__w12jyg2.png;04_west/sl__c57ym.png;04_west/sl__w35.png;04_west/sl__w35k.png,,False
tokkyu,JR西日本,あかつき/日本海,,,04_west/akatsuki-nihonkai__w14rgt.png;04_west/akatsuki-nihonkai__w24dngs.png,True
tokkyu,JR西日本,トワイライト,,,04_west/twilight-exp__ef65k-twe.png;04_west/twilight-exp__w24tw.png;04_west/twilight-exp__w24dntw.png;04_west/twilight-exp__w24twk.png;04_west/twilight-exp__ef65twe.png;04_west/twilight-exp__ef81twe2.png;04_west/twilight-exp__ef65twe1.png;04_west/twilight-exp__ef81twe.png,True
tokkyu,JR西日本,きたぐに/波動用,2026,,04_west/kitaguni-jr-jr-1-2-3-4-5-6-7-8-2026-2-13-update__w583.png;04_west/kitaguni-jr-jr-1-2-3-4-5-6-7-8-2026-2-13-update__w583-1.png;04_west/kitaguni-jr-jr-1-2-3-4-5-6-7-8-2026-2-13-update__w583bl.png;04_west/kitaguni-jr-jr-1-2-3-4-5-6-7-8-2026-2-13-update__w583bl-1.png,True
tokkyu,JR西日本,東西東海道福知山,,04_west/jr-tozai-line__w321.png;04_west/jr-tozai-line__w321p.png;04_west/jr-tozai-line__w207nk.png;04_west/jr-tozai-line__w207np.png;04_west/jr-tozai-line__w207y2p.png;04_west/jr-tozai-line__w207y2k.png;04_west/jr-tozai-line__w207y2.png,,False
tokkyu,JR西日本,Saku美Saku楽,,04_west/sakubisakura__w47sak.png,,False
tokkyu,JR西日本,ラマルドボア,,04_west/la-malle-de-bois__w213w.png,,False
tokkyu,JR西日本,マリンライナー,,04_west/okayama-area__w223-5m.png;04_west/okayama-area__w223-5m2.png,04_west/marine-liner__w211jyu.png;04_west/marine-liner__w213pgr.png;04_west/marine-liner__w213pye.png;04_west/marine-liner__w213por.png;04_west/marine-liner__w213ppi.png;04_west/marine-liner__w213pbl.png;04_west/marine-liner__w213pbmo.png;04_west/marine-liner__w213ppmo.png,False
tokkyu,JR西日本,Setouchi train,,04_west/sanyo-line__w115sett.png,,False
tokkyu,JR西日本,奥出雲おろち号,,04_west/okuizumo-orochi__w13jort.png;04_west/okuizumo-orochi__de10jort.png;04_west/okuizumo-orochi__de10jort1.png;04_west/okuizumo-orochi__de10jort2.png,,False
tokkyu,JR西日本,砂丘つやま/吉備,2026,,04_west/sakyu-tsuyama-jr-jr-1-2-3-4-5-6-7-8-2026-1-15-update__w58tu2.png;04_west/sakyu-tsuyama-jr-jr-1-2-3-4-5-6-7-8-2026-1-15-update__w65tu2.png;04_west/sakyu-tsuyama-jr-jr-1-2-3-4-5-6-7-8-2026-1-15-update__w58tu.png;04_west/sakyu-tsuyama-jr-jr-1-2-3-4-5-6-7-8-2026-1-15-update__w65tu.png;04_west/sakyu-tsuyama-jr-jr-1-2-3-4-5-6-7-8-2026-1-15-update__w40kb.png;04_west/sakyu-tsuyama-jr-jr-1-2-3-4-5-6-7-8-2026-1-15-update__w53kb.png,True
tokkyu,JR西日本,うみやまむすび,,04_west/umiyama-musubi__w40uym.png,,False
tokkyu,JR西日本,加古川線,,,04_west/untitled__w103kap.png;04_west/untitled__w103kap2.png;04_west/untitled__w103kap3.png;04_west/untitled__w23ka.png;04_west/untitled__w37ka0.png;04_west/untitled__w37ka.png,True
tokkyu,JR西日本,姫新線/はばタン,,,04_west/untitled__w40hj1.png;04_west/untitled__w40hj.png;04_west/untitled__w58hj.png;04_west/untitled__w58hj2.png;04_west/untitled__w40hbtn.png,True
tokkyu,JR西日本,北陸タウントレイン,,,04_west/hokuriku-rail__w419l2.png;04_west/hokuriku-rail__w455bt1.png;04_west/hokuriku-rail__w455t1.png;04_west/hokuriku-rail__w455bt2.png;04_west/hokuriku-rail__w455t2.png;04_west/hokuriku-rail__w419h.png;04_west/hokuriku-rail__w419l.png,True
tokkyu,JR西日本,大糸線/越美北,,,04_west/untitled__w23oi1.png;04_west/untitled__w23oi.png;04_west/untitled__w52oi.png;04_west/untitled__w52oio2.png;04_west/untitled__w52oio1.png;04_west/untitled__w52oir.png;04_west/untitled__w52oib.png,True
tokkyu,JR西日本,たかやま,,,04_west/takayama__w58ta.png;04_west/takayama__w58ta3.png;04_west/takayama__w58ta2.png;04_west/takayama__w58ta4.png,True
tokkyu,JR西日本,氷見城端線,,,04_west/untitled__w40tk.png;04_west/untitled__w58tk.png;04_west/untitled__w58stk.png;04_west/untitled__w58tk0.png;04_west/untitled__w35tk0.png;04_west/untitled__w45tk0.png,True
tokkyu,JR西日本,くろしお/*かがやき,,,04_west/kuroshio-kagayaki__w381pkr2.png;04_west/kuroshio-kagayaki__w381kr2.png;04_west/kuroshio-kagayaki__w381pkr1.png;04_west/kuroshio-kagayaki__w381kr1.png;04_west/kuroshio-kagayaki__w485kg.png;04_west/kuroshio-kagayaki__w485kkg.png,True
tokkyu,JR西日本,北近畿特急,,04_west/kitakinki-area__w183ha.png;04_west/kitakinki-area__w183kha1.png;04_west/kitakinki-area__w183kha.png;04_west/kitakinki-area__w183kha2.png;04_west/kitakinki-area__w183kha1-1.png;04_west/kitakinki-area__w183kha-1.png;04_west/kitakinki-area__w485kmz.png;04_west/kitakinki-area__w181n.png,,False
tokkyu,JR西日本,北陸特急,,,04_west/hokuriku-area__w489hk1b.png;04_west/hokuriku-area__w489hk-b.png;04_west/hokuriku-area__w489hk-b1.png;04_west/hokuriku-area__w485ha.png;04_west/hokuriku-area__w485hk.png;04_west/hokuriku-area__w485kn-b.png;04_west/hokuriku-area__w489kn.png;04_west/hokuriku-area__w485crm.png,True
tokkyu,JR西日本,S雷鳥,,,04_west/raicho__w485pra.png;04_west/raicho__w485pra1.png;04_west/raicho__w485ra2.png;04_west/raicho__w485ra.png;04_west/raicho__w485kkra.png;04_west/raicho__w485ra2-1.png;04_west/raicho__w485kra.png;04_west/raicho__w485k.png,True
tokkyu,JR西日本,しらさぎ,,,04_west/shirasagi__w485kbl.png;04_west/shirasagi__w485si.png;04_west/shirasagi__w485bl.png;04_west/shirasagi__w485bl2.png;04_west/shirasagi__w485p.png;04_west/shirasagi__w485bl3.png;04_west/shirasagi__w485bl4.png;04_west/shirasagi__w485bl4-1.png,True
tokkyu,JR西日本,エーデル,,,04_west/untitled__w56pe.png;04_west/untitled__w56per.png;04_west/untitled__w56peb.png;04_west/untitled__w65egk.png;04_west/untitled__w65eyk.png;04_west/untitled__w65disn.png;04_west/untitled__w65disnb.png,True
tokkyu,JR西日本,ゆうゆうサロン,,,04_west/untitled__w12jokym2.png;04_west/untitled__ef65jokym2.png;04_west/untitled__ef65jokym4.png;04_west/untitled__w12jokym1.png;04_west/untitled__ef65jokym1.png;04_west/untitled__ef65jokym3.png,True
tokkyu,JR西日本,フェスタ/旅路,,,04_west/festa-tabiji__w58jfest.png;04_west/festa-tabiji__w58jfest1.png;04_west/festa-tabiji__w12jtbj.png;04_west/festa-tabiji__w14jtbj0.png,True
tokkyu,JR西日本,ムーンライト九州,,,04_west/moonlight-kyushu__w14r.png;04_west/moonlight-kyushu__w14rp.png,True
tokkyu,JR西日本,セイシェル,,,04_west/seychelles__w58jsesl.png,True
tokkyu,JR西日本,きのくに/シーサイド,,,04_west/kinokuni-seaside__w12jknkn.png;04_west/kinokuni-seaside__w12jks.png;04_west/kinokuni-seaside__w13jks.png;04_west/kinokuni-seaside__de10jks.png,True
tokkyu,JR西日本,ホリデーパル,,,04_west/holiday-pal__w20jhpal.png;04_west/holiday-pal__w20jhpalk.png;04_west/holiday-pal__w20jhpal2.png,True
tokkyu,JR西日本,ふれあいパル,,,04_west/fureai-pal__w58jfpal.png,True
tokkyu,JR西日本,アビ丸/ポッポクック,,,04_west/sanyo-line__w113abml.png;04_west/sanyo-line__w115ppqq.png,True
tokkyu,JR西日本,夢フェスタ,,,04_west/san-in-line__w58pymto.png,True
tokkyu,JR西日本,ゆぅトピア/アストル,,,04_west/utopia-astol__w65jyutp.png;04_west/utopia-astol__w58jastlk.png;04_west/utopia-astol__w58jastl1.png;04_west/utopia-astol__w58jastl2.png,True
tokkyu,JR西日本,団らん/サワ座,,,04_west/danran-sawa-za__w12jswz.png;04_west/danran-sawa-za__w12jswz2.png;04_west/danran-sawa-za__w12jswz1.png,True
tokkyu,JR西日本,ふれあいSUN-IN,,,04_west/sun-in__w58jfrsn.png;04_west/sun-in__w58jfrsn1.png;04_west/sun-in__w58jhnsn1.png,True
tokkyu,JR西日本,"ビバウエスト,みやび",2022,,04_west/viva-west-2022-12-9-update__w58jhnsn.png;04_west/viva-west-2022-12-9-update__w58jvivw.png;04_west/viva-west-2022-12-9-update__w58jvivw1.png;04_west/viva-west-2022-12-9-update__w14jmyb.png,True
tokkyu,JR四国,四国特急/マリンライナー,,05_shikoku/express-marine-liner__s2700.png;05_shikoku/express-marine-liner__s5001.png;05_shikoku/express-marine-liner__s5000kf.png,,False
tokkyu,JR四国,しおかぜ/いしづち,,05_shikoku/shiokaze-isizuci__s8600.png;05_shikoku/shiokaze-isizuci__s8000nn.png;05_shikoku/shiokaze-isizuci__s8000knn.png;05_shikoku/shiokaze-isizuci__s8000lo.png;05_shikoku/shiokaze-isizuci__s8000lr.png;05_shikoku/shiokaze-isizuci__s8000lk.png;05_shikoku/shiokaze-isizuci__s8000nk.png,05_shikoku/shiokaze-ishizuchi__s8000no.png;05_shikoku/shiokaze-ishizuchi__s8000nr.png;05_shikoku/shiokaze-ishizuchi__s8000.png;05_shikoku/shiokaze-ishizuchi__s8000k.png,False
tokkyu,JR四国,四国内特急,,05_shikoku/shikoku-express__s2000.png;05_shikoku/shikoku-express__s2000l.png;05_shikoku/shikoku-express__s2000nl.png;05_shikoku/shikoku-express__s2003l.png,05_shikoku/shikoku-express__s2000g.png;05_shikoku/shikoku-express__s2000n.png;05_shikoku/shikoku-express__s2000-3.png;05_shikoku/shikoku-express__s2000ganp1.png;05_shikoku/shikoku-express__s2000ganp2.png;05_shikoku/shikoku-express__s2000ganp3.png;05_shikoku/shikoku-express__s2000ganp-mb.png;05_shikoku/shikoku-express__s2000ganp-mp.png;05_shikoku/shikoku-express__s2000anp5.png;05_shikoku/shikoku-express__s2002a.png;05_shikoku/shikoku-express__s2000-2.png,False
tokkyu,JR四国,剣山/むろと/予讃,,05_shikoku/tsurugisan-muroto__s185.png;05_shikoku/tsurugisan-muroto__s185tu.png;05_shikoku/tsurugisan-muroto__s185cm.png,,False
tokkyu,JR四国,四国各線,,05_shikoku/untitled__s1000.png;05_shikoku/untitled__s54.png;05_shikoku/untitled__s54s.png;05_shikoku/untitled__s40.png;05_shikoku/untitled__s32s.png;05_shikoku/untitled__s32ns.png,,False
tokkyu,JR四国,アンパンマン列車,,05_shikoku/shikoku-express__s2600ap.png;05_shikoku/shikoku-express__s2600apb.png;05_shikoku/shikoku-express__s2700apr.png;05_shikoku/shikoku-express__s2700apr1.png;05_shikoku/shikoku-express__s2700apy.png;05_shikoku/shikoku-express__s2700apy1.png;05_shikoku/shikoku-express__s8000ap.png;05_shikoku/shikoku-express__s8000lapk.png,,False
tokkyu,JR四国,トロッコ車,,05_shikoku/open-car__s185g.png;05_shikoku/open-car__s185g2.png;05_shikoku/open-car__s32to.png;05_shikoku/open-car__s150000to.png;05_shikoku/open-car__s185ap1.png;05_shikoku/open-car__s32to2.png;05_shikoku/open-car__s32tog.png;05_shikoku/open-car__s32to4.png,,False
tokkyu,JR四国,藍よしのがわトロッコ,,05_shikoku/tokushima-line__s185to-ai.png;05_shikoku/tokushima-line__s32to-ai.png,,False
tokkyu,JR四国,しまんトロッコ,,05_shikoku/yodo-line__s150001to.png;05_shikoku/yodo-line__s54to0y.png;05_shikoku/yodo-line__s54to0ys.png,,False
tokkyu,JR四国,鉄道ホビートレイン,,05_shikoku/yodo-line__s32tht.png;05_shikoku/yodo-line__s32thtk.png,,False
tokkyu,JR四国,伊予灘ものがたり,,05_shikoku/iyonada-monogartari__s185iyoy.png;05_shikoku/iyonada-monogartari__s185iyor.png,05_shikoku/iyonada-monogartari__s40iyor.png;05_shikoku/iyonada-monogartari__s40iyoy.png,False
tokkyu,JR四国,千年ものがたり,,05_shikoku/sennen-monogartari__s185mm1.png;05_shikoku/sennen-monogartari__s185mm2.png,,False
tokkyu,JR四国,時代の夜明けの物語,,05_shikoku/yoakeno-monogatari__s185ym1.png;05_shikoku/yoakeno-monogatari__s185ym2.png,,False
tokkyu,JR四国,えきちゃん号,,05_shikoku/untitled__s32smek1.png;05_shikoku/untitled__s54nany1.png;05_shikoku/untitled__s54nany2.png,,False
tokkyu,JR四国,試作車/*,8000,05_shikoku/shiokaze-8000__s8001nr.png;05_shikoku/shiokaze-8000__s8000p.png,,False
tokkyu,JR四国,特急ラッピング前,2600 2700,05_shikoku/express-2600-2700__s2600.png;05_shikoku/express-2600-2700__s2700r.png,,False
tokkyu,JR四国,マリンライナー5000,,,05_shikoku/marine-liner__s5000.png,True
tokkyu,JR四国,試作車TSE,2026,,05_shikoku/shikoku-express-jr-jr-1-2-2026-3-27-update__s2000gp1.png;05_shikoku/shikoku-express-jr-jr-1-2-2026-3-27-update__s2000gp.png;05_shikoku/shikoku-express-jr-jr-1-2-2026-3-27-update__s2000p1.png;05_shikoku/shikoku-express-jr-jr-1-2-2026-3-27-update__s2000p.png,True
tokkyu,JR四国,台鉄ラッピング,,,05_shikoku/shiokaze-ishizuchi__s8001.png;05_shikoku/shiokaze-ishizuchi__s8001k.png,True
tokkyu,JR四国,四国内特急/*,,05_shikoku/shikoku-express__s2001av.png;05_shikoku/shikoku-express__s2001ar.png;05_shikoku/shikoku-express__s2001ay.png;05_shikoku/shikoku-express__s2001ag.png;05_shikoku/shikoku-express__s2000anp-mg.png;05_shikoku/shikoku-express__s2000anp6.png;05_shikoku/shikoku-express__s2000anp4.png;05_shikoku/shikoku-express__s2000anp-my.png,,False
tokkyu,JR四国,志国高知 幕末維新号,,,05_shikoku/bakumatsu-ishin__s185to3.png;05_shikoku/bakumatsu-ishin__s32to3.png,True
tokkyu,JR四国,"I Loveしまんと,あい",,,05_shikoku/shimanto-ai__s185sm.png;05_shikoku/shimanto-ai__s185ai.png,True
tokkyu,JR四国,しまんと181,,,05_shikoku/shikoku-express__s181.png,True
tokkyu,JR四国,アイランドExp,,,05_shikoku/island-exp__de10jiskk.png;05_shikoku/island-exp__s12jiskk.png;05_shikoku/island-exp__s50jiskkk.png;05_shikoku/island-exp__s50jiskk.png,True
tokkyu,JR四国,団体/ML高知,,,05_shikoku/moonlight-kochi__s12re.png;05_shikoku/moonlight-kochi__s12.png;05_shikoku/moonlight-kochi__s12bl.png,True
tokkyu,JR四国,団体/旅立ち,,,05_shikoku/charter-train__s58jre.png;05_shikoku/charter-train__s58jre2.png;05_shikoku/charter-train__s58jbl.png;05_shikoku/charter-train__s58jrinb.png;05_shikoku/charter-train__s58jtbdt.png,True
tokkyu,JR九州,ななつ星/或る列車,,06_kyushu/sevenstars-aru-train__df200k7.png;06_kyushu/sevenstars-aru-train__k77.png;06_kyushu/sevenstars-aru-train__k40aru.png,,False
tokkyu,JR九州,かんぱち・いちろく,,06_kyushu/kanpachi-ichiroku__k40knpc.png,,False
tokkyu,JR九州,ふたつ星4047/中間,4047,06_kyushu/two-stars-4047__k40jft.png;06_kyushu/two-stars-4047__k40jftk.png,,False
tokkyu,JR九州,36ぷらす3,,06_kyushu/around-kyushu-train__k787-36.png,,False
tokkyu,JR九州,かもめ/ソニック,,06_kyushu/kamome-sonic__k883nm.png;06_kyushu/kamome-sonic__k883n.png;06_kyushu/kamome-sonic__k883n6.png,,False
tokkyu,JR九州,ハウステンボス783,,06_kyushu/huis-ten-bosch__k783ha2.png;06_kyushu/huis-ten-bosch__k783kha2.png;06_kyushu/huis-ten-bosch__k783has.png;06_kyushu/huis-ten-bosch__k783kha.png,,False
tokkyu,JR九州,みどり/あそぼーい！,,06_kyushu/midori-asoboi__k783mis.png;06_kyushu/midori-asoboi__k783kmi.png;06_kyushu/midori-asoboi__k183asb.png,,False
tokkyu,JR九州,いさぶろう/しんぺい,,,06_kyushu/untitled__k147isb.png;06_kyushu/untitled__k147kws.png;06_kyushu/untitled__k147yms.png,True
tokkyu,JR九州,"いぶたま,A列,海幸山幸",,06_kyushu/ibuatma-atrain-umisachi__k147ibtm.png;06_kyushu/ibuatma-atrain-umisachi__k147ibtm2.png;06_kyushu/ibuatma-atrain-umisachi__k185at.png;06_kyushu/ibuatma-atrain-umisachi__k125uy.png,,False
tokkyu,JR九州,ゆふ森/九州横断特急,,06_kyushu/yufuin-trans-kyushu__k72.png;06_kyushu/yufuin-trans-kyushu__k185.png;06_kyushu/yufuin-trans-kyushu__k185n.png;06_kyushu/yufuin-trans-kyushu__k185yfu.png;06_kyushu/yufuin-trans-kyushu__k71.png;06_kyushu/yufuin-trans-kyushu__k185q.png;06_kyushu/yufuin-trans-kyushu__k185q2.png;06_kyushu/yufuin-trans-kyushu__k185q3.png,,False
tokkyu,JR九州,HTBみどりかもめ,,,06_kyushu/htb__k783ha.png;06_kyushu/htb__k783mi.png;06_kyushu/htb__k783hpb.png;06_kyushu/htb__k783hpr.png;06_kyushu/htb__k783kha1.png;06_kyushu/htb__k783kmi1.png;06_kyushu/htb__k783hp.png;06_kyushu/htb__k885.png;06_kyushu/htb__k485km.png;06_kyushu/htb__k485md.png;06_kyushu/htb__k485ha.png,True
tokkyu,JR九州,"つばめ,有明旧排障",,,06_kyushu/relay-tsubame__k787tun.png;06_kyushu/relay-tsubame__k787arn.png;06_kyushu/relay-tsubame__k787tu.png;06_kyushu/relay-tsubame__k787ar.png;06_kyushu/relay-tsubame__k783km.png;06_kyushu/relay-tsubame__k783.png;06_kyushu/relay-tsubame__k485re-b.png;06_kyushu/relay-tsubame__k485re.png,True
tokkyu,JR九州,ソニック,,,06_kyushu/sonic__k883b.png;06_kyushu/sonic__k883s.png;06_kyushu/sonic__k883ob.png;06_kyushu/sonic__k883os.png;06_kyushu/sonic__k883r.png;06_kyushu/sonic__k883-2.png;06_kyushu/sonic__k883.png;06_kyushu/sonic__k883y.png;06_kyushu/sonic__k883or.png;06_kyushu/sonic__k883o-2.png;06_kyushu/sonic__k883o.png;06_kyushu/sonic__k883oy.png,True
tokkyu,JR九州,きりしま/ひゅうが,,,06_kyushu/kirishima-hyuga__k485j.png;06_kyushu/kirishima-hyuga__k485ki.png;06_kyushu/kirishima-hyuga__k485kh.png,True
tokkyu,JR九州,えびの/由布,,,06_kyushu/untitled__k58kmhf.png;06_kyushu/untitled__k58km.png;06_kyushu/untitled__k65km.png;06_kyushu/untitled__k65ex1.png;06_kyushu/untitled__k58ex1.png,True
tokkyu,JR九州,はやとの風,,,06_kyushu/hayatono-kaze__k147hyt.png,True
tokkyu,JR九州,ゆふ森II/ゆふDX,,,06_kyushu/yufuinnomori-yufu-dx__k183jym2.png;06_kyushu/yufuinnomori-yufu-dx__k183jyf.png;06_kyushu/yufuinnomori-yufu-dx__k183jyfy.png,True
tokkyu,JR九州,シーボルト/オランダ村特急,,,06_kyushu/siebold-express__k183jsb.png;06_kyushu/siebold-express__k183jord.png,True
tokkyu,JR九州,アクアエクスプレス,,,06_kyushu/aqua-express__k58jae.png;06_kyushu/aqua-express__k58jae2.png,True
tokkyu,JR九州,なのはなDX,,,06_kyushu/nanohana-dx__k200yedx.png;06_kyushu/nanohana-dx__k200yedx2.png,True
tokkyu,JR九州,あそ1962/トロQ,,,06_kyushu/aso1962-toro-q__k58aso.png;06_kyushu/aso1962-toro-q__k58trq.png;06_kyushu/aso1962-toro-q__k65trq.png;06_kyushu/aso1962-toro-q__k70000trq.png,True
tokkyu,JR九州,JT大分/長崎,,,06_kyushu/jt__k58jtoit.png;06_kyushu/jt__k58jtngb.png;06_kyushu/jt__k58jtngr.png;06_kyushu/jt__k58jkchm.png;06_kyushu/jt__k58jrkd1.png;06_kyushu/jt__k58jrkd2.png,True
tokkyu,JR九州,"大村,日南,鹿児",,,06_kyushu/untitled__k58ha.png;06_kyushu/untitled__k40wkb1.png;06_kyushu/untitled__k40wkb2.png;06_kyushu/untitled__k811su2.png;06_kyushu/untitled__k811su1.png;06_kyushu/untitled__k811mt.png,True
tokkyu,JR九州,サザンクロス,,,06_kyushu/southern-cross__k12jszx.png;06_kyushu/southern-cross__ed76jszx.png;06_kyushu/southern-cross__ed76jszx1.png,True
tokkyu,JR九州,ひのくに/キジ馬,,,06_kyushu/kijiuma-hinokuni__k58jsehk.png;06_kyushu/kijiuma-hinokuni__k58jkjum.png,True
tokkyu,JR九州,しらぬい/ブンブン,,,06_kyushu/untitled__k58jsrni.png;06_kyushu/untitled__k58jsrnik.png;06_kyushu/untitled__k58jbnbn.png;06_kyushu/untitled__k58jytpa.png,True
tokkyu,JR九州,ふれあいGO,,,06_kyushu/exp__k58jfgo.png;06_kyushu/exp__k58jsrex.png,True
tokkyu,JR九州,よかトピア号,,,06_kyushu/kagoshima-line__k415ykt.png,True
lines,JR北海道,札幌地区739,,01_hokkaido/sapporo-area__h739.png,,False
lines,JR北海道,函館千歳札沼線,,01_hokkaido/hakodate-line__h737.png;01_hokkaido/hakodate-line__h733.png;01_hokkaido/hakodate-line__h733l.png;01_hokkaido/hakodate-line__h733ll.png;01_hokkaido/hakodate-line__h735.png;01_hokkaido/hakodate-line__h731n.png;01_hokkaido/hakodate-line__h201n.png;01_hokkaido/hakodate-line__h721hid.png,,False
lines,JR北海道,道内各線,,01_hokkaido/hokkaido-area__h100.png;01_hokkaido/hokkaido-area__h150fu.png;01_hokkaido/hokkaido-area__h150.png;01_hokkaido/hokkaido-area__h150-1.png,,False
lines,JR北海道,宗谷/花咲線,,01_hokkaido/soya-hanasaki-line__h54n.png;01_hokkaido/soya-hanasaki-line__h54.png;01_hokkaido/soya-hanasaki-line__h54ks.png;01_hokkaido/soya-hanasaki-line__h54ks1.png,,False
lines,JR北海道,富良野/石北線H100,,01_hokkaido/asahikawa-area__h100frn.png;01_hokkaido/asahikawa-area__h100frn1.png;01_hokkaido/asahikawa-area__h100skhk.png;01_hokkaido/asahikawa-area__h100skhk1.png,,False
lines,JR北海道,花咲線/釧網線,,01_hokkaido/kushiro-area__h100hnsk.png;01_hokkaido/kushiro-area__h100hnsk1.png;01_hokkaido/kushiro-area__h100snmo.png;01_hokkaido/kushiro-area__h100snmo1.png,,False
lines,JR北海道,根室/宗谷線H100,,01_hokkaido/nemuro-soya-line__h100ne.png;01_hokkaido/nemuro-soya-line__h100sy1.png,,False
lines,JR北海道,日高・室蘭線H100,,01_hokkaido/hidaka-muroran__h100hd.png;01_hokkaido/hidaka-muroran__h100mu1.png,,False
lines,JR北海道,花咲線,,01_hokkaido/hanasaki-line__h54wr.png;01_hokkaido/hanasaki-line__h54rw.png;01_hokkaido/hanasaki-line__h54hnp.png;01_hokkaido/hanasaki-line__h54hn.png,,False
lines,JR北海道,函館/千歳線,,,01_hokkaido/hakodate-line__h201.png;01_hokkaido/hakodate-line__h731.png;01_hokkaido/hakodate-line__h731ml.png;01_hokkaido/hakodate-line__h721ap.png;01_hokkaido/hakodate-line__h721.png;01_hokkaido/hakodate-line__h721u.png;01_hokkaido/hakodate-line__h711.png;01_hokkaido/hakodate-line__h711c.png,True
lines,JR北海道,日高線/Hybrid,,,01_hokkaido/hidaka-line__h160-1.png;01_hokkaido/hidaka-line__h130.png;01_hokkaido/hidaka-line__h130o.png;01_hokkaido/hidaka-line__h130pony.png;01_hokkaido/hidaka-line__h160-2.png;01_hokkaido/hidaka-line__h160itt.png,True
lines,JR北海道,北海道内各線,,,01_hokkaido/hokkaido-area__h56.png;01_hokkaido/hokkaido-area__h40ks.png;01_hokkaido/hokkaido-area__h22.png;01_hokkaido/hokkaido-area__h40o.png;01_hokkaido/hokkaido-area__h46.png;01_hokkaido/hokkaido-area__h40kso.png;01_hokkaido/hokkaido-area__h40.png,True
lines,JR北海道,札沼線,,,01_hokkaido/sassho-line__h141.png;01_hokkaido/sassho-line__h141o.png;01_hokkaido/sassho-line__h40ss.png;01_hokkaido/sassho-line__h40c.png,True
lines,JR北海道,宗谷風/キハ22風色,,,01_hokkaido/hokkaido-area__h40sy.png;01_hokkaido/hokkaido-area__h40j2.png,True
lines,JR北海道,日高線,,,01_hokkaido/hidaka-line__h40mkw1.png;01_hokkaido/hidaka-line__h40mkw2.png;01_hokkaido/hidaka-line__h40hi.png,True
lines,JR北海道,流氷/道東/道南/道央の恵み,,01_hokkaido/hokkaido-area__h40y.png;01_hokkaido/hokkaido-area__h40y1.png;01_hokkaido/hokkaido-area__h40g1.png;01_hokkaido/hokkaido-area__h40g2.png;01_hokkaido/hokkaido-area__h40m1.png;01_hokkaido/hokkaido-area__h40m2.png;01_hokkaido/hokkaido-area__h40r.png;01_hokkaido/hokkaido-area__h40r1.png,,False
lines,JR北海道,山紫水明号,,01_hokkaido/hokkaido-area__h40ssg.png;01_hokkaido/hokkaido-area__h40ssv.png,,False
lines,JR北海道,特別色/ぽっぽや,,,01_hokkaido/hokkaido-area__h40pktn.png;01_hokkaido/hokkaido-area__h40pkani.png;01_hokkaido/hokkaido-area__h40pika.png;01_hokkaido/hokkaido-area__h40jpo.png;01_hokkaido/hokkaido-area__h40or.png,True
lines,JR東日本,山手線,,02_east/yamanote-line__e235ya.png,02_east/yamanote-line__e231ya3.png;02_east/yamanote-line__e231ya4.png;02_east/yamanote-line__e231-5ya.png;02_east/yamanote-line__e231-5ya2.png;02_east/yamanote-line__e231ya100.png;02_east/yamanote-line__e205ya.png;02_east/yamanote-line__e205yam.png;02_east/yamanote-line__e205yao.png;02_east/yamanote-line__e205yao1.png;02_east/yamanote-line__e205yao2.png;02_east/yamanote-line__e205yao11.png;02_east/yamanote-line__e205ya11.png;02_east/yamanote-line__e205ya-ad.png;02_east/yamanote-line__e205ya-ad1.png;02_east/yamanote-line__e205ya-ad2.png;02_east/yamanote-line__e103ug.png;02_east/yamanote-line__e103rl.png;02_east/yamanote-line__e103tech.png,False
lines,JR東日本,京浜東北線,,02_east/keihintohoku-line__e233kt.png,,False
lines,JR東日本,横浜線,,02_east/yokohama-line__e233yo.png,02_east/yokohama-line__e103ug-sk.png;02_east/yokohama-line__e103ug-ft.png,False
lines,JR東日本,京葉線,,02_east/keiyo-line__e233ky.png;02_east/keiyo-line__e233kyk.png;02_east/keiyo-line__e209ky1.png,,False
lines,JR東日本,埼京川越線,,02_east/saikyo-line__e233sk.png,02_east/saikyo-line__e205sk6.png;02_east/saikyo-line__e205sk.png;02_east/saikyo-line__e205sko.png;02_east/saikyo-line__e205sko6.png;02_east/saikyo-line__e205sko1.png;02_east/saikyo-line__e205skm.png;02_east/saikyo-line__e205sk-ad1.png,False
lines,JR東日本,常磐線/千代田線,,02_east/joban-line__e231jyl.png;02_east/joban-line__e231jylk.png;02_east/joban-line__e231jy1.png;02_east/joban-line__e231jyk1.png;02_east/joban-line__e233g2l.png;02_east/joban-line__e233g2.png,,False
lines,JR東日本,常磐/水戸線,,02_east/joban-line__e531s.png;02_east/joban-line__e531ks.png;02_east/joban-line__e531kr.png;02_east/joban-line__e531r.png;02_east/joban-line__e501kgl.png;02_east/joban-line__e501gl.png;02_east/joban-line__e501lk.png;02_east/joban-line__e501l.png,,False
lines,JR東日本,水郡線,,02_east/suigun-line-jr__e130.png,02_east/suigun-line__e130or.png;02_east/suigun-line__e130sg90.png;02_east/suigun-line__e40mtg.png;02_east/suigun-line__e40mto.png;02_east/suigun-line__e40mtg2.png;02_east/suigun-line__e40mtgz1.png;02_east/suigun-line__e40mto1.png;02_east/suigun-line__e40mto2.png;02_east/suigun-line__e45mto2.png;02_east/suigun-line__e45mto.png;02_east/suigun-line__e45mto3.png;02_east/suigun-line__e58mi.png;02_east/suigun-line__e28mi.png,False
lines,JR東日本,山手線ラッピング,,,02_east/yamanote-line__e235yab.png;02_east/yamanote-line__e235ya103.png;02_east/yamanote-line__e235ya205.png,True
lines,JR東日本,埼京線40周年,,02_east/saikyo-40th__e233sk40.png,,False
lines,JR東日本,京浜東北線209/901,901,,02_east/keihintohoku-line__e209-kt.png;02_east/keihintohoku-line__e209-kt2.png;02_east/keihintohoku-line__e209kt0.png;02_east/keihintohoku-line__e209kt2.png;02_east/keihintohoku-line__e209kt3.png;02_east/keihintohoku-line__e209kt.png;02_east/keihintohoku-line__e209kt-ad.png;02_east/keihintohoku-line__e901.png,True
lines,JR東日本,京葉線E331/209,209,,02_east/keiyo-line__e331ky.png;02_east/keiyo-line__e209ky.png,True
lines,JR東日本,常磐成田線,,,02_east/joban-line__e231jy.png;02_east/joban-line__e231jyk.png;02_east/joban-line__e231jyk0.png;02_east/joban-line__e231jy0.png;02_east/joban-line__e231jy-ad.png;02_east/joban-line__e231jyskk.png;02_east/joban-line__e103gr.png;02_east/joban-line__e103gr1.png;02_east/joban-line__e103gr2.png;02_east/joban-line__e103grl1.png;02_east/joban-line__e103k.png;02_east/joban-line__e103grk1.png,True
lines,JR東日本,常磐千代田線,,,02_east/joban-line__e209jy1.png;02_east/joban-line__e209jy.png;02_east/joban-line__e207o1.png;02_east/joban-line__e207.png;02_east/joban-line__e203l.png;02_east/joban-line__e203.png;02_east/joban-line__e203-ad.png,True
lines,JR東日本,常磐水戸線,,,02_east/joban-line__e531.png;02_east/joban-line__e531k.png;02_east/joban-line__e501.png;02_east/joban-line__e501k.png;02_east/joban-line__e501g.png;02_east/joban-line__e501kg.png;02_east/joban-line__e415d.png;02_east/joban-line__e415d0.png;02_east/joban-line__e415.png;02_east/joban-line__e415-15.png,True
lines,JR東日本,横浜線/京浜東北線,,,02_east/negishi-line__e205yo.png;02_east/negishi-line__e205yoo.png;02_east/negishi-line__e205yo8.png;02_east/negishi-line__e205yo2.png;02_east/negishi-line__e205yo-ad.png;02_east/negishi-line__e205yo-ad0.png;02_east/negishi-line__e205yo-ad1.png;02_east/negishi-line__e205kt.png,True
lines,JR東日本,京葉線205,,,02_east/keiyo-line__e205kyo.png;02_east/keiyo-line__e205ky.png;02_east/keiyo-line__e205ky-ad.png;02_east/keiyo-line__e205ky-ad1.png;02_east/keiyo-line__e205ky-ad2.png,True
lines,JR東日本,京葉線205/201,201,,02_east/keiyo-line__e205ky0.png;02_east/keiyo-line__e205ky01.png;02_east/keiyo-line__e205ky0-ad.png;02_east/keiyo-line__e205ky0-ad1.png;02_east/keiyo-line__e201p3.png;02_east/keiyo-line__e201bl.png;02_east/keiyo-line__e201kbl.png,True
lines,JR東日本,京葉線103,,,02_east/keiyo-line__e103ky1.png;02_east/keiyo-line__e103ky2.png;02_east/keiyo-line__e103ky.png;02_east/keiyo-line__e103ky3.png;02_east/keiyo-line__e103bl.png;02_east/keiyo-line__e103ky4.png,True
lines,JR東日本,中央青梅線,,02_east/chuo-line__e233kor.png;02_east/chuo-line__e233or.png,02_east/chuo-line__e201.png;02_east/chuo-line__e201k.png;02_east/chuo-line__e201sr.png;02_east/chuo-line__j201or-sr.png;02_east/chuo-line__e201k1.png;02_east/chuo-line__e201or1.png;02_east/chuo-line__e201ome.png;02_east/chuo-line__e201p1.png;02_east/chuo-line__e103or.png,False
lines,JR東日本,武蔵野線,,02_east/musashino-line__e231mul.png;02_east/musashino-line__e231mu.png;02_east/musashino-line__e231muk.png;02_east/musashino-line__e231mu1.png;02_east/musashino-line__e209mu.png,02_east/musashino-line__e205mu2.png;02_east/musashino-line__e205mu8.png;02_east/musashino-line__e205muo.png;02_east/musashino-line__e205mu0.png;02_east/musashino-line__e205mu1.png;02_east/musashino-line__e205mu3.png;02_east/musashino-line__e103mu8c.png;02_east/musashino-line__e103mu8a.png;02_east/musashino-line__e103mu8b.png;02_east/musashino-line__e103mu.png,False
lines,JR東日本,総武中央線,,02_east/chuo-sobu-line__e235so.png;02_east/chuo-sobu-line__e231so5l.png;02_east/chuo-sobu-line__e231so5.png;02_east/chuo-sobu-line__e231so3.png;02_east/chuo-sobu-line__e231-8b1.png;02_east/chuo-sobu-line__e231-8bl.png,,False
lines,JR東日本,南武線/南武支線,,02_east/nanbu-line__e233na.png;02_east/nanbu-line__e233na1.png;02_east/nanbu-line__e127nas.png;02_east/nanbu-line__e127nasl.png;02_east/nanbu-line__e205-nas.png,,False
lines,JR東日本,総武横須賀線,,02_east/yokosuka-line__e235sk.png;02_east/yokosuka-line__e235skk.png,02_east/yokosuka-line__e217-2.png;02_east/yokosuka-line__e217k2.png;02_east/yokosuka-line__e217k1.png;02_east/yokosuka-line__e217.png;02_east/yokosuka-line__e217k.png;02_east/yokosuka-line__e217-1.png;02_east/yokosuka-line__e217nk.png;02_east/yokosuka-line__e217n.png;02_east/yokosuka-line__e217n1.png;02_east/yokosuka-line__e217nk1.png,False
lines,JR東日本,房総地区,,02_east/boso-area__e131bo.png;02_east/boso-area__e233bo.png;02_east/boso-area__e233bok.png;02_east/boso-area__e233bo1.png;02_east/boso-area__e209c.png,,False
lines,JR東日本,久留里線,,02_east/kururi-line__e130kr.png,02_east/kururii-line__e30kr1.png;02_east/kururii-line__e37kr1.png;02_east/kururii-line__e38kr1.png;02_east/kururii-line__e35kr2.png;02_east/kururii-line__e37kr2.png;02_east/kururii-line__e38kr2.png;02_east/kururii-line__e30kr2.png,False
lines,JR東日本,相模線,,02_east/sagami-line__e131sg.png,,False
lines,JR東日本,鶴見線,,02_east/tsurumi-line__e131tr.png,02_east/tsurumi-line__e205-tr.png,False
lines,JR東日本,"川越線,八高線",,02_east/kawagoe-line__e231ha.png;02_east/kawagoe-line__e231hk1.png;02_east/kawagoe-line__e209hk35.png;02_east/kawagoe-line__e209hk35l.png;02_east/kawagoe-line__ee220gms.png,02_east/kawagoe-line__e209hk.png;02_east/kawagoe-line__e209-31hk.png;02_east/kawagoe-line__e110hc80.png;02_east/kawagoe-line__e205-hk.png,False
lines,JR東日本,総武中央線209/E231,,,02_east/sobu-line__e231so2.png;02_east/sobu-line__e231so1.png;02_east/sobu-line__e231so.png;02_east/sobu-line__e209so.png;02_east/sobu-line__e209so1.png;02_east/sobu-line__e231-8b.png,True
lines,JR東日本,南武線209,,,02_east/nanbu-line__e209na3.png;02_east/nanbu-line__e209na.png;02_east/nanbu-line__e209na2.png,True
lines,JR東日本,中央青梅線201/AD,,,02_east/chuo-ome-line__e201or2.png;02_east/chuo-ome-line__e201ork1.png;02_east/chuo-ome-line__e201-ad.png;02_east/chuo-ome-line__e201-ad1.png,True
lines,JR東日本,総武中央線201/103,103,,02_east/sobu-line__e205so.png;02_east/sobu-line__e205soo.png;02_east/sobu-line__e201p2.png;02_east/sobu-line__e201ye0.png;02_east/sobu-line__e201ye.png;02_east/sobu-line__e201kye.png;02_east/sobu-line__e103yel.png,True
lines,JR東日本,南武線205/103,103,,02_east/nanbu-line__e205na2.png;02_east/nanbu-line__e205na3.png;02_east/nanbu-line__e205-na.png;02_east/nanbu-line__e205na1.png;02_east/nanbu-line__e205na.png;02_east/nanbu-line__e205nao.png;02_east/nanbu-line__e103ye.png,True
lines,JR東日本,東西線直通,,,02_east/sobu-chuo-line__e301bl.png;02_east/sobu-chuo-line__e301bl1.png;02_east/sobu-chuo-line__e103kbl1.png;02_east/sobu-chuo-line__e103kbl.png,True
lines,JR東日本,房総地区/*Nなのはな,,,02_east/boso-area__e211crp.png;02_east/boso-area__e211cr.png;02_east/boso-area__e211cy.png;02_east/boso-area__e211cg.png;02_east/boso-area__e211cb.png;02_east/boso-area__e113su16.png;02_east/boso-area__e113-su.png;02_east/boso-area__e485jnano.png,True
lines,JR東日本,南武支線,,,02_east/nanbu-line__e101na.png;02_east/nanbu-line__e101na0.png,True
lines,JR東日本,相模線/八高線,,,02_east/sagami-line__e205sg.png;02_east/sagami-line__j35st4.png;02_east/sagami-line__e30sg.png;02_east/sagami-line__e30sg1.png;02_east/sagami-line__e30sg2.png,True
lines,JR東日本,首都圏エリア,,02_east/tokyo-area__e233shk.png;02_east/tokyo-area__e233sh.png;02_east/tokyo-area__e231td.png;02_east/tokyo-area__e231tdk.png;02_east/tokyo-area__e231ta1.png;02_east/tokyo-area__e231tak1.png,02_east/tokyo-area__e231td1.png;02_east/tokyo-area__e231tdk1.png;02_east/tokyo-area__e231tak.png;02_east/tokyo-area__e231ta.png;02_east/tokyo-area__e211o1.png;02_east/tokyo-area__e211.png;02_east/tokyo-area__e211o.png;02_east/tokyo-area__e211o1p.png;02_east/tokyo-area__e211p.png;02_east/tokyo-area__e115-sh.png;02_east/tokyo-area__e115sh0.png;02_east/tokyo-area__e115sh1.png;02_east/tokyo-area__e113sh1.png;02_east/tokyo-area__e113sh0.png;02_east/tokyo-area__e113sh15.png,False
lines,JR東日本,日光線/東北線,,02_east/nikko-line__e131nk.png;02_east/nikko-line__e131nkp.png,,False
lines,JR東日本,高崎地区,,02_east/takasaki-area__e211ry.png;02_east/takasaki-area__e211s1.png;02_east/takasaki-area__e211n.png;02_east/takasaki-area__e107ta1.png;02_east/takasaki-area__e107ta.png,02_east/takasaki-area__e211s.png;02_east/takasaki-area__e211o1s.png;02_east/takasaki-area__e211sp.png,False
lines,JR東日本,烏山線,,02_east/karasuyama-line__ee301ka.png;02_east/karasuyama-line__ee301kap.png,02_east/karasuyama-line__e40ka.png;02_east/karasuyama-line__e40ka1.png;02_east/karasuyama-line__e40ka2.png,False
lines,JR東日本,東海道線,,,02_east/tokaido-line__e217td1.png;02_east/tokaido-line__e217ktd1.png;02_east/tokaido-line__e217ktd2.png;02_east/tokaido-line__e217td.png;02_east/tokaido-line__e217ktd.png;02_east/tokaido-line__e217ktd3.png;03_tokai/tokai-area__c117.png;03_tokai/tokai-area__c117o.png;03_tokai/tokai-area__c117b.png,True
lines,JR東日本,日光東北線/いろは,,,02_east/nikko-line__e107nipr.png;02_east/nikko-line__e107ni1r.png;02_east/nikko-line__e107ni1h.png;02_east/nikko-line__e107niph.png;02_east/nikko-line__e107ni1.png;02_east/nikko-line__e107nip.png;02_east/nikko-line__e107ni.png;02_east/nikko-line__e205sh1.png;02_east/nikko-line__e205sh.png;02_east/nikko-line__e205nk.png;02_east/nikko-line__e205irh.png,True
lines,JR東日本,東京地区,,,02_east/tokyo-area__e165-sh.png;02_east/tokyo-area__e167-ksh.png;02_east/tokyo-area__e167ksh.png;02_east/tokyo-area__e167tmd.png;02_east/tokyo-area__e167ktm.png;02_east/tokyo-area__e167tm.png;02_east/tokyo-area__e167-tm.png;02_east/tokyo-area__e167tmd2.png,True
lines,JR東日本,"高崎,八王子地区",,,02_east/untitled__e165sm.png;02_east/untitled__e165smd.png;02_east/untitled__e165-sm.png;02_east/untitled__e165mi.png;02_east/untitled__e165mid.png,True
lines,JR東日本,長野地区E131,,02_east/nagano-area__e131na.png,,False
lines,JR東日本,長野甲府地区/*,,02_east/nagano-area__e127mt.png;02_east/nagano-area__e127mtp.png;02_east/nagano-area__e211na.png;02_east/nagano-area__e211na1.png;02_east/nagano-area__e211na2.png;02_east/nagano-area__e211na1n.png;02_east/nagano-area__e211na2n.png;02_east/nagano-area__e211na6.png,,False
lines,JR東日本,甲信越地区,,02_east/nagano-area__e211su.png;02_east/nagano-area__e110ak0.png,,False
lines,JR東日本,新潟地区,,02_east/niigata-area__ee400ni.png;02_east/niigata-area__e129ni.png;02_east/niigata-area__e129nip.png,,False
lines,JR東日本,小海線/飯山線,,02_east/koumi-line__ee200p.png;02_east/koumi-line__e110.png;02_east/koumi-line__e110-1.png;02_east/koumi-line__e110-3.png,,False
lines,JR東日本,飯山線/小海線,,,02_east/iiyama-koumi-line__e110ii.png;02_east/iiyama-koumi-line__e110iiy.png;02_east/iiyama-koumi-line__e110o.png;02_east/iiyama-koumi-line__e110ex0.png,True
lines,JR東日本,新潟地区E127,,,02_east/niigata-area__e127ni1.png;02_east/niigata-area__e127ni3.png;02_east/niigata-area__e127ni2.png;02_east/niigata-area__e127ni.png,True
lines,JR東日本,新潟地区E120,,,02_east/niigata-area__e120.png,True
lines,JR東日本,米坂/磐越西線,,02_east/yonesaka-line__e58yo15.png;02_east/yonesaka-line__e58yo1.png;02_east/yonesaka-line__e58yo.png;02_east/yonesaka-line__e52yo.png;02_east/yonesaka-line__e40yo.png;02_east/yonesaka-line__e40yo1.png;02_east/yonesaka-line__e40yo2.png;02_east/yonesaka-line__e40j.png,,False
lines,JR東日本,飯山線,,,02_east/iiyama-line__e40ii.png;02_east/iiyama-line__e58ii.png;02_east/iiyama-line__e52ii.png,True
lines,JR東日本,コカコーラ/UCC色,,,02_east/nagano-area__e115coca.png;02_east/nagano-area__e58ucc.png,True
lines,JR東日本,中央本線/ミニエコー,,,02_east/chuo-line__e115su0.png;02_east/chuo-line__e123r.png;02_east/chuo-line__e123g.png,True
lines,JR東日本,長野地区,,,02_east/nagano-area__e115na.png;02_east/nagano-area__e115na01.png;02_east/nagano-area__e169na1.png;02_east/nagano-area__e169na1d.png;02_east/nagano-area__e169km.png;02_east/nagano-area__e169km1.png;02_east/nagano-area__e115na1.png;02_east/nagano-area__e115na1n.png;02_east/nagano-area__e169-na1.png;02_east/nagano-area__e169na.png;02_east/nagano-area__e169nad.png;02_east/nagano-area__e169na2.png,True
lines,JR東日本,新潟地区115,,,02_east/niigata-area__e115ni01.png;02_east/niigata-area__e115ni0.png;02_east/niigata-area__e115ni2.png;02_east/niigata-area__e115ni2o.png;02_east/niigata-area__e115jef1.png;02_east/niigata-area__e115jef2.png;02_east/niigata-area__e115yh.png;02_east/niigata-area__e115yh0.png;02_east/niigata-area__e115ni1d.png;02_east/niigata-area__e115ni1dn.png;02_east/niigata-area__e115ni1n.png;02_east/niigata-area__e115ni1.png;02_east/niigata-area__e115ni.png;02_east/niigata-area__e115ni3.png;02_east/niigata-area__e115nij.png,True
lines,JR東日本,只見線,,02_east/tadami-line__e110se.png;02_east/tadami-line__e110o1.png;02_east/tadami-line__e120td.png;02_east/tadami-line__e120ry.png,02_east/tadami-line__e40tdg.png;02_east/tadami-line__e40tdr.png,False
lines,JR東日本,仙台地区/空港線,,02_east/sendai-area__e721se1.png;02_east/sendai-area__e721se.png;02_east/sendai-area__e721.png;02_east/sendai-area__ee210st.png;02_east/sendai-area__e701se2.png;02_east/sendai-area__e701se1.png;02_east/sendai-area__e701se.png,,False
lines,JR東日本,仙石線E131,,02_east/senseki-line__e131se.png,,False
lines,JR東日本,山形線,,02_east/yamagata-line__e723ya.png;02_east/yamagata-line__e701ya.png;02_east/yamagata-line__e719y.png,02_east/yamagata-line__e701ya0.png;02_east/yamagata-line__e719y0.png,False
lines,JR東日本,陸羽/左沢線,,02_east/rikuu-aterazawa__e110rtr.png;02_east/rikuu-aterazawa__e110th6.png,,False
lines,JR東日本,仙台地区,,,02_east/sendai-area__e719.png;02_east/sendai-area__e719-scr.png;02_east/sendai-area__e715h.png;02_east/sendai-area__e715l.png;02_east/sendai-area__e455o.png;02_east/sendai-area__e455o1.png;02_east/sendai-area__e455o1l.png;02_east/sendai-area__e455l-scr.png;02_east/sendai-area__e455l.png;02_east/sendai-area__e455l2.png;02_east/sendai-area__e455.png;02_east/sendai-area__e417.png,True
lines,JR東日本,磐越西線,,,02_east/banetsu-line__e719bs.png;02_east/banetsu-line__e719b.png;02_east/banetsu-line__e455bal.png;02_east/banetsu-line__e455bal2.png;02_east/banetsu-line__e455ba.png;02_east/banetsu-line__e455ba2.png;02_east/banetsu-line__e455bab.png,True
lines,JR東日本,仙台地区717,,,02_east/sendai-area__e717se.png,True
lines,JR東日本,仙石線,,,02_east/senseki-line__e103se1.png;02_east/senseki-line__e103seh.png;02_east/senseki-line__e103se.png;02_east/senseki-line__e103se3.png;02_east/senseki-line__e103se2.png;02_east/senseki-line__e105se1.png;02_east/senseki-line__e103se6.png,True
lines,JR東日本,仙石線/仙石東北,,02_east/senseki-line__e205-se.png;02_east/senseki-line__e205-sep.png;02_east/senseki-line__e205-seg.png;02_east/senseki-line__e205-suica.png;02_east/senseki-line__e205-mg3.png;02_east/senseki-line__e205-mg1.png;02_east/senseki-line__e205-mg2.png;02_east/senseki-line__e205-mg4.png,,False
lines,JR東日本,只見線/*南東北/左沢,,02_east/sendai-area__e40ta.png;02_east/sendai-area__e40se1.png;02_east/sendai-area__e58se2.png;02_east/sendai-area__e58se.png;02_east/sendai-area__e58se3.png;02_east/sendai-area__e23se.png;02_east/sendai-area__e22se.png;02_east/sendai-area__e40at.png,,False
lines,JR東日本,盛岡地区110,,02_east/morioka-area__e110mo.png,,False
lines,JR東日本,秋田地区,,02_east/akita-area__e701ak4.png;02_east/akita-area__e701ak6.png,02_east/akita-area__e701ak1.png;02_east/akita-area__e701ak5.png;02_east/akita-area__e701ak2.png;02_east/akita-area__e701ak3.png,False
lines,JR東日本,田沢湖線/*,,02_east/tazawako-line__e701tal.png;02_east/tazawako-line__e701ta1.png;02_east/tazawako-line__e701ta.png,,False
lines,JR東日本,東北線,,02_east/tohoku-line__e701mo.png;02_east/tohoku-line__e701mo1.png;02_east/tohoku-line__e701mo2.png;02_east/tohoku-line__e701mohr.png,,False
lines,JR東日本,五能線/男鹿線,,02_east/gono-oga-line__ee801ogr1.png;02_east/gono-oga-line__ee801ogr.png;02_east/gono-oga-line__ee801ogb1.png;02_east/gono-oga-line__ee801ogb.png,02_east/gono-oga-line__e40og.png;02_east/gono-oga-line__e40og1.png;02_east/gono-oga-line__e40go2.png;02_east/gono-oga-line__e40go.png,False
lines,JR東日本,八戸/五能/釜石線,,02_east/tohoku-area__e130he.png;02_east/tohoku-area__ee400ak.png;02_east/tohoku-area__ee220gm.png,,False
lines,JR東日本,盛岡地区(外幌付),,02_east/morioka-area__e112ex.png;02_east/morioka-area__e112.png;02_east/morioka-area__e110ex.png;02_east/morioka-area__e110s.png;02_east/morioka-area__e110-2.png,,False
lines,JR東日本,秋田地区旧色,,,02_east/akita-area__e701ak0.png;02_east/akita-area__e701ak.png;02_east/akita-area__e719ak.png,True
lines,JR東日本,北東北地区,,02_east/morioka-area__e110ex1.png;02_east/morioka-area__e110ymmc.png;02_east/morioka-area__e110pm.png,,False
lines,JR東日本,Rうみねこ/八戸線,,,02_east/umineko__e40jum.png;02_east/umineko__e40jumk.png;02_east/umineko__e40mo.png,True
lines,JR東日本,男鹿/五能線,,,02_east/oga-gonou-line__e58go0.png;02_east/oga-gonou-line__e58go1.png;02_east/oga-gonou-line__e40go1.png;02_east/oga-gonou-line__e58ak0.png;02_east/oga-gonou-line__e58ak.png;02_east/oga-gonou-line__e58ak150.png;02_east/oga-gonou-line__e58ak15.png;02_east/oga-gonou-line__e40ak.png,True
lines,JR東日本,盛岡地区,,,02_east/morioka-area__e58mo.png;02_east/morioka-area__e23mo.png;02_east/morioka-area__e52mo1.png;02_east/morioka-area__e40mo2.png;02_east/morioka-area__e58mo2.png;02_east/morioka-area__e23mo2.png;02_east/morioka-area__e58mo2b.png;02_east/morioka-area__e52mo2.png,True
lines,JR東日本,"こまち/おばこ,アキ座",,,02_east/akita-area__e58jkmt.png;02_east/akita-area__e58jobk.png;02_east/akita-area__e58jakki.png;02_east/akita-area__e58jakz.png;02_east/akita-area__e58jakz2.png,True
lines,JR東海,東海地区315,,03_tokai/tokai-area__c315.png;03_tokai/tokai-area__c315k.png,,False
lines,JR東海,東海地区313,,03_tokai/tokai-area__c313ce.png;03_tokai/tokai-area__c313p.png;03_tokai/tokai-area__c313.png;03_tokai/tokai-area__c313hp.png;03_tokai/tokai-area__c313h.png,,False
lines,JR東海,みえ/高山線75,,03_tokai/tokai-area__c75s.png;03_tokai/tokai-area__c75os.png;03_tokai/tokai-area__c75.png;03_tokai/tokai-area__c75o.png,,False
lines,JR東海,三重岐阜地区25/11,,03_tokai/tokai-area-jr__c25.png;03_tokai/tokai-area-jr__c25-1.png;03_tokai/tokai-area-jr__c25-2.png;03_tokai/tokai-area-jr__c11nsk.png,,False
lines,JR東海,三重岐阜地区11,,,03_tokai/tokai-area__c11n.png;03_tokai/tokai-area__c11.png;03_tokai/tokai-area__c11-2.png,True
lines,JR東海,東海地区211/213,213,,03_tokai/tokai-area__c211-0.png;03_tokai/tokai-area__c211sn1.png;03_tokai/tokai-area__c211n1.png;03_tokai/tokai-area__c211.png;03_tokai/tokai-area__c211s.png;03_tokai/tokai-area__c211j0.png;03_tokai/tokai-area__c211jn0.png,True
lines,JR東海,みえ/東海地区,,,03_tokai/tokai-area__c40s.png;03_tokai/tokai-area__c40.png;03_tokai/tokai-area__c40jnr.png;03_tokai/tokai-area__c58.png;03_tokai/tokai-area__c65.png;03_tokai/tokai-area__c65mie.png;03_tokai/tokai-area__c58mie.png,True
lines,JR東海,飯田線,119,,03_tokai/iida-line-119__c119b.png;03_tokai/iida-line-119__c119c-1.png;03_tokai/iida-line-119__c119c.png;03_tokai/iida-line-119__c119p.png;03_tokai/iida-line-119__c119.png;03_tokai/iida-line-119__c119-1.png,True
lines,JR東海,するがシャトル/中央,,,03_tokai/tokai-area__c119sr.png;03_tokai/tokai-area__c103s.png;03_tokai/tokai-area__c103.png,True
lines,JR東海,身延線,,,03_tokai/minobu-line__c123.png;03_tokai/minobu-line__c123k.png;03_tokai/minobu-line__c123mnb.png;03_tokai/minobu-line__c123k1.png;03_tokai/minobu-line__c123a.png;03_tokai/minobu-line__c123mnb2.png,True
lines,JR東海,各線/身延,,,03_tokai/tokai-area__c113d.png;03_tokai/tokai-area__c115.png;03_tokai/tokai-area__c115d.png;03_tokai/tokai-area__c113.png;03_tokai/tokai-area__c115mb70.png;03_tokai/tokai-area__c115mb71.png,True
lines,JR東海,名古屋地区トロッコ,2025,,03_tokai/nagoya-area-90000-jr-jr-2025-9-5-update__c90000tf.png,True
lines,JR西日本,花嫁のれん/べるもんた,,04_west/hokuriku-area__w40jnrn.png;04_west/hokuriku-area__w40jbel.png,,False
lines,JR西日本,○○のはなし/あめつち,,04_west/chugoku-area__w40oog.png;04_west/chugoku-area__w40oor.png;04_west/chugoku-area__w40amtc.png,,False
lines,JR西日本,東海道/山陽線,,04_west/tokaido-line__w223ms.png;04_west/tokaido-line__w223h1.png;04_west/tokaido-line__w223n1.png;04_west/tokaido-line__w223-2f.png;04_west/tokaido-line__w223n2.png;04_west/tokaido-line__w223msp.png;04_west/tokaido-line__w223s.png;04_west/tokaido-line__w223-2.png;04_west/tokaido-line__w223h2.png;04_west/tokaido-line__w223hp.png;04_west/tokaido-line__w223-1s1.png,04_west/tokaido-line__w201nbls.png;04_west/tokaido-line__w201bls.png;04_west/tokaido-line__w201.png;04_west/tokaido-line__w201nbl.png;04_west/tokaido-line__w205nl.png;04_west/tokaido-line__w205n.png,False
lines,JR西日本,関西地区,,04_west/kansai-area__w221np.png;04_west/kansai-area__w221n.png;04_west/kansai-area__w221n1p.png;04_west/kansai-area__w221n1.png;04_west/kansai-area__w225.png;04_west/kansai-area__w225-6.png;04_west/kansai-area__w225-1.png;04_west/kansai-area__w225h.png,04_west/kansai-area__w221.png;04_west/kansai-area__w221-2.png;04_west/kansai-area__w221p2.png,False
lines,JR西日本,LED種別表示,,04_west/kansai-area__w221f.png;04_west/kansai-area__w221f1.png;04_west/kansai-area__w207f.png,,False
lines,JR西日本,関西地区_幌付,,04_west/kansai-area__w207y3p.png;04_west/kansai-area__w207y3k.png;04_west/kansai-area__w207n1p.png;04_west/kansai-area__w207n1k.png,,False
lines,JR西日本,福知山線223-6,,04_west/fukuchiyama-line__w223-6.png;04_west/fukuchiyama-line__w223p6.png;04_west/fukuchiyama-line__w223-6h.png;04_west/fukuchiyama-line__w223p6h.png,,False
lines,JR西日本,福知山線223-55,,04_west/fukuchiyama-line__w223hs55.png;04_west/fukuchiyama-line__w223hsp55.png;04_west/fukuchiyama-line__w223h55.png;04_west/fukuchiyama-line__w223hp55.png;04_west/fukuchiyama-line__w223-55.png;04_west/fukuchiyama-line__w223p55.png,,False
lines,JR西日本,福知山地区復刻色113,,04_west/fukuchiyama-area__w113fk053.png;04_west/fukuchiyama-area__w113fk053p.png,,False
lines,JR西日本,嵯峨野線森の京都号,,04_west/sagano-line__w223mori.png,,False
lines,JR西日本,お茶の京都,,04_west/kansai-area__w120cha.png;04_west/kansai-area__w221cha.png,,False
lines,JR西日本,福知山地区,,04_west/fukuchiyama-area__w115n1p.png;04_west/fukuchiyama-area__w115n1.png;04_west/fukuchiyama-area__w115n65.png;04_west/fukuchiyama-area__w113n76.png;04_west/fukuchiyama-area__w113k53.png;04_west/fukuchiyama-area__w113k53p.png;04_west/fukuchiyama-area__w113n.png;04_west/fukuchiyama-area__w115s65.png;04_west/fukuchiyama-area__w115s65p.png,04_west/fukuchiyama-area__w41bas.png;04_west/fukuchiyama-area__w41ba1.png;04_west/fukuchiyama-area__w41bao.png;04_west/fukuchiyama-area__w41ba.png;04_west/fukuchiyama-area__w40ba1.png;04_west/fukuchiyama-area__w40bao.png;04_west/fukuchiyama-area__w40ba.png;04_west/fukuchiyama-area__w40fk.png;04_west/fukuchiyama-area__w40fk0.png;04_west/fukuchiyama-area__w58wktr.png;04_west/fukuchiyama-area__w58wktr1.png,False
lines,JR西日本,福知山湖西線/*,,04_west/fukuchiyama-area__w115s65kg.png;04_west/fukuchiyama-area__w115s65pkg.png;04_west/fukuchiyama-area__w117kg.png;04_west/fukuchiyama-area__w113k53kg.png;04_west/fukuchiyama-area__w113k53pkg.png;04_west/fukuchiyama-area__w113gnt.png,,False
lines,JR西日本,福知山線113,,,04_west/fukuchiyama-line__w113fk.png;04_west/fukuchiyama-line__w113fk-b.png;04_west/fukuchiyama-line__w113fk-d.png;04_west/fukuchiyama-line__w113fk-c.png;04_west/fukuchiyama-line__w113fks.png;04_west/fukuchiyama-line__w113fk0-b.png;04_west/fukuchiyama-line__w113fk0.png,True
lines,JR西日本,福知山線103/117,117,,04_west/fukuchiyama-line__w103ye.png;04_west/fukuchiyama-line__w103yel.png;04_west/fukuchiyama-line__w117fk.png,True
lines,JR西日本,福知山線113-38,,,04_west/fukuchiyama-line__w113fk2p.png;04_west/fukuchiyama-line__w113fk2.png;04_west/fukuchiyama-line__w115n2.png,True
lines,JR西日本,嵯峨野線,,,04_west/kansai-area__w113sg.png;04_west/kansai-area__w113sgt.png;04_west/kansai-area__w113sgtp.png;04_west/kansai-area__w113shdt.png;04_west/kansai-area__w113sht.png,True
lines,JR西日本,関西地区/和田岬,2026,,04_west/kansai-area-jr-jr-1-2-3-4-5-6-7-8-2026-5-15-update__w223-1.png;04_west/kansai-area-jr-jr-1-2-3-4-5-6-7-8-2026-5-15-update__w223.png;04_west/kansai-area-jr-jr-1-2-3-4-5-6-7-8-2026-5-15-update__w207p.png;04_west/kansai-area-jr-jr-1-2-3-4-5-6-7-8-2026-5-15-update__w207.png;04_west/kansai-area-jr-jr-1-2-3-4-5-6-7-8-2026-5-15-update__w207-1.png;04_west/kansai-area-jr-jr-1-2-3-4-5-6-7-8-2026-5-15-update__w207-2.png;04_west/kansai-area-jr-jr-1-2-3-4-5-6-7-8-2026-5-15-update__w30wd.png,True
lines,JR西日本,大阪環状線323,,04_west/osaka-loop-line__w323or.png;04_west/osaka-loop-line__w323m.png;04_west/osaka-loop-line__w323expo.png,,False
lines,JR西日本,大和路線/奈良線,,04_west/kansai-nara-line__w201ka1.png;04_west/kansai-nara-line__w201ka2.png;04_west/kansai-nara-line__w205hn2.png;04_west/kansai-nara-line__w205hn1.png,,False
lines,JR西日本,阪和/関空線,,04_west/hanwa-line__w225-51.png;04_west/hanwa-line__w225h5.png;04_west/hanwa-line__w225-5.png;04_west/hanwa-line__w225-51a.png;04_west/hanwa-line__w223kin.png;04_west/hanwa-line__w223kah.png;04_west/hanwa-line__w223kas.png;04_west/hanwa-line__w223kih.png;04_west/hanwa-line__w223kis.png,,False
lines,JR西日本,和歌山桜井線,2025,04_west/wakayama-line__w227wk.png;04_west/wakayama-line__w227wkp.png,04_west/wakayama-line-jr-jr-1-2-3-4-5-6-7-8-2025-10-26-update__w105lwk.png;04_west/wakayama-line-jr-jr-1-2-3-4-5-6-7-8-2025-10-26-update__w105lwk1.png;04_west/wakayama-line-jr-jr-1-2-3-4-5-6-7-8-2025-10-26-update__w105lwk2.png;04_west/wakayama-line-jr-jr-1-2-3-4-5-6-7-8-2025-10-26-update__w105olwk.png;04_west/wakayama-line-jr-jr-1-2-3-4-5-6-7-8-2025-10-26-update__w105wk1.png;04_west/wakayama-line-jr-jr-1-2-3-4-5-6-7-8-2025-10-26-update__w105wk.png;04_west/wakayama-line-jr-jr-1-2-3-4-5-6-7-8-2025-10-26-update__w105wk2.png;04_west/wakayama-line-jr-jr-1-2-3-4-5-6-7-8-2025-10-26-update__w105owk.png,False
lines,JR西日本,関西本線,,04_west/kansai-line__w120ka.png;04_west/kansai-line__w120ka1.png;04_west/kansai-line__w120kan.png,,False
lines,JR西日本,大和路線,,,04_west/kansai-line__w103ka1t.png;04_west/kansai-line__w201ka.png;04_west/kansai-line__w201psnd.png;04_west/kansai-line__w103hka2.png;04_west/kansai-line__w103ka.png;04_west/kansai-line__w103hka.png;04_west/kansai-line__w103ka1.png;04_west/kansai-line__w103hka1.png;04_west/kansai-line__w103ka3.png;04_west/kansai-line__w103ka2.png;04_west/kansai-line__w103ug.png,True
lines,JR西日本,関西線103,,,04_west/kansai-line__w103kny1.png;04_west/kansai-line__w103kny1c.png;04_west/kansai-line__w103kny2.png;04_west/kansai-line__w103kny2c.png,True
lines,JR西日本,関西線101,,,04_west/kansai-line__w101kny1.png;04_west/kansai-line__w101kny2.png,True
lines,JR西日本,大阪環状線,,,04_west/osaka-loop-line__w201nor1.png;04_west/osaka-loop-line__w201nor.png;04_west/osaka-loop-line__w201nors.png;04_west/osaka-loop-line__w103or.png;04_west/osaka-loop-line__w103hor.png;04_west/osaka-loop-line__w103or2t.png;04_west/osaka-loop-line__w103or1t.png;04_west/osaka-loop-line__w103or1.png,True
lines,JR西日本,ゆめ咲線,,,04_west/sakurajima-line__w103usj6.png;04_west/sakurajima-line__w103usj1.png;04_west/sakurajima-line__w103usj2.png;04_west/sakurajima-line__w103usj3.png;04_west/sakurajima-line__w103usj4.png;04_west/sakurajima-line__w103usj5.png,True
lines,JR西日本,阪和線,,,04_west/hanwa-line__w103hhn.png;04_west/hanwa-line__w103bl.png;04_west/hanwa-line__w103hhn2.png;04_west/hanwa-line__w103bl1.png;04_west/hanwa-line__w103bl1t.png;04_west/hanwa-line__w103bl2t.png;04_west/hanwa-line__w103bl2.png;04_west/hanwa-line__w123hn.png;04_west/hanwa-line__w103hn2.png;04_west/hanwa-line__w103hn3.png;04_west/hanwa-line__w103hn1.png;04_west/hanwa-line__w103hn.png;04_west/hanwa-line__w205tos.png;04_west/hanwa-line__w223ka.png;04_west/hanwa-line__w223ki.png;04_west/hanwa-line__w113hndt.png;04_west/hanwa-line__w205to.png;04_west/hanwa-line__w205hns.png;04_west/hanwa-line__w205hn.png;04_west/hanwa-line__w113hn1t.png,True
lines,JR西日本,紀勢線,,,04_west/kisei-line__w117wm.png;04_west/kisei-line__w117ks.png;04_west/kisei-line__w113nwm.png;04_west/kisei-line__w113nks.png;04_west/kisei-line__w105kpnd1.png;04_west/kisei-line__w105pnd1.png;04_west/kisei-line__w113pnd1.png;04_west/kisei-line__w113dpnd1.png,True
lines,JR西日本,和歌山線,,,04_west/wakayama-line__w105tbm2p.png;04_west/wakayama-line__w105tbm2m.png;04_west/wakayama-line__w105tbm3.png;04_west/wakayama-line__w105snd.png;04_west/wakayama-line__w105tbm3k.png;04_west/wakayama-line__w105tbm4.png;04_west/wakayama-line__w105tbm4k.png;04_west/wakayama-line__w105snd2.png;04_west/wakayama-line__w105lwm.png;04_west/wakayama-line__w105lwm1.png;04_west/wakayama-line__w105wmp.png;04_west/wakayama-line__w105wm.png;04_west/wakayama-line__w105wm1.png;04_west/wakayama-line__w105tbm1.png;04_west/wakayama-line__w105nks.png,True
lines,JR西日本,山口地区227,,04_west/yamaguchi-area__w227ym.png,,False
lines,JR西日本,岡山地区227/213,213,04_west/okayama-area__w227ok.png;04_west/okayama-area__w227okp.png;04_west/okayama-area__w213k.png;04_west/okayama-area__w213nk.png;04_west/okayama-area__w213n.png;04_west/okayama-area__w213expo.png,,False
lines,JR西日本,広島地区/広電色,,04_west/hiroshima-area__w227hi.png;04_west/hiroshima-area__w227himx.png,,False
lines,JR西日本,福塩線,,04_west/fukuen-line__w105hy.png;04_west/fukuen-line__w105hy3.png;04_west/fukuen-line__w105hy2.png;04_west/fukuen-line__w105hy1.png,,False
lines,JR西日本,下関地区,,04_west/yamaguchi-area__w115hy15.png;04_west/yamaguchi-area__w115hy15p.png;04_west/yamaguchi-area__w115hy.png;04_west/yamaguchi-area__w123hyp.png,,False
lines,JR西日本,山陽線,,04_west/sanyo-line__w117hy.png;04_west/sanyo-line__w117sn.png;04_west/sanyo-line__w117pmt.png,,False
lines,JR西日本,下関地区115,,,04_west/sanyo-line__w115nc.png;04_west/sanyo-line__w115hi4.png;04_west/sanyo-line__w115hi5.png;04_west/sanyo-line__w115n.png;04_west/sanyo-line__w115hi15.png;04_west/sanyo-line__w115hi15p.png;04_west/sanyo-line__w115hi5c.png;04_west/sanyo-line__w115hi5t.png;04_west/sanyo-line__w115s65k.png;04_west/sanyo-line__w115s65kp.png;04_west/sanyo-line__w115s65t.png;04_west/sanyo-line__w115s65tw.png,True
lines,JR西日本,伯備線/岡山地区,,,04_west/okayama-area__w115n3y.png;04_west/okayama-area__w115y16.png;04_west/okayama-area__w115hyl.png;04_west/okayama-area__w115hykm.png;04_west/okayama-area__w115n3.png;04_west/okayama-area__w115n3p.png;04_west/okayama-area__w115-16.png;04_west/okayama-area__w115nl.png;04_west/okayama-area__w213.png,True
lines,JR西日本,福塩/*下関地区,,,04_west/sanyo-area__w123sm.png;04_west/sanyo-area__w123smw.png;04_west/sanyo-area__w123smk.png;04_west/sanyo-area__w123smkp.png;04_west/sanyo-area__w123sm0.png;04_west/sanyo-area__w123sm1.png;04_west/sanyo-area__w103hy2.png;04_west/sanyo-area__w105ofu.png;04_west/sanyo-area__w105fu.png;04_west/sanyo-area__w105fu1.png;04_west/sanyo-area__w105fu2.png,True
lines,JR西日本,広島地区,,,04_west/hiroshima-area__w105hyk2.png;04_west/hiroshima-area__w105hyk.png;04_west/hiroshima-area__w117hy1.png;04_west/hiroshima-area__w115hytc.png,True
lines,JR西日本,山陽地区,,,04_west/sanyo-area__w115hi.png;04_west/sanyo-area__w115hit.png;04_west/sanyo-area__w115hitc.png;04_west/sanyo-area__w115hid.png;04_west/sanyo-area__w113hid2.png;04_west/sanyo-area__w113hid3.png;04_west/sanyo-area__w115hiu.png;04_west/sanyo-area__w115hiud.png;04_west/sanyo-area__w103hhi.png;04_west/sanyo-area__w103hi2.png;04_west/sanyo-area__w103hi.png;04_west/sanyo-area__w103hi3.png,True
lines,JR西日本,可部線,,,04_west/kabe-line__w105hik.png;04_west/kabe-line__w105hik2.png;04_west/kabe-line__w105hik1.png;04_west/kabe-line__w103kb.png;04_west/kabe-line__w105hi.png;04_west/kabe-line__w105ohi.png;04_west/kabe-line__w105hi3.png;04_west/kabe-line__w105hi2.png;04_west/kabe-line__w105hi1.png,True
lines,JR西日本,岡山地区/こんぴら,2026,,04_west/okayama-area-jr-jr-1-2-3-4-5-6-7-8-2026-5-15-update__w115shl.png;04_west/okayama-area-jr-jr-1-2-3-4-5-6-7-8-2026-5-15-update__w115se.png;04_west/okayama-area-jr-jr-1-2-3-4-5-6-7-8-2026-5-15-update__w115set.png;04_west/okayama-area-jr-jr-1-2-3-4-5-6-7-8-2026-5-15-update__w115knpr.png;04_west/okayama-area-jr-jr-1-2-3-4-5-6-7-8-2026-5-15-update__w84un.png;04_west/okayama-area-jr-jr-1-2-3-4-5-6-7-8-2026-5-15-update__w84un1.png;04_west/okayama-area-jr-jr-1-2-3-4-5-6-7-8-2026-5-15-update__w123un.png;04_west/okayama-area-jr-jr-1-2-3-4-5-6-7-8-2026-5-15-update__w103ok.png,True
lines,JR西日本,山口地区,,04_west/yamaguchi-area__w700dy.png,,False
lines,JR西日本,吉備線,,04_west/kibi-line__w40mmtr.png,,False
lines,JR西日本,津山/吉備/姫新線,,04_west/tsuyama-line__w40ty1.png;04_west/tsuyama-line__w40ty.png;04_west/tsuyama-line__w120tu.png;04_west/tsuyama-line__w120tun.png,,False
lines,JR西日本,美祢線,,04_west/mine-line__w120mi2.png;04_west/mine-line__w120mi3.png;04_west/mine-line__w120mi4.png;04_west/mine-line__w120mi5.png;04_west/mine-line__w120mi1.png;04_west/mine-line__w120mi.png;04_west/mine-line__w120min.png,,False
lines,JR西日本,三江線/山陰本線,,04_west/san-in-line__w120hm.png;04_west/san-in-line__w120hmn.png;04_west/san-in-line__w126.png;04_west/san-in-line__w40dojo.png,,False
lines,JR西日本,芸備/木次線,,04_west/geibi-kisuki-line__w120ki3.png;04_west/geibi-kisuki-line__w120ki4.png;04_west/geibi-kisuki-line__w120fu.png;04_west/geibi-kisuki-line__w120fun.png,,False
lines,JR西日本,木次線キハ120,,04_west/kisuki-line__w120kig.png;04_west/kisuki-line__w120kim.png;04_west/kisuki-line__w120kip.png;04_west/kisuki-line__w120kis.png;04_west/kisuki-line__w120ki1.png;04_west/kisuki-line__w120ki2.png;04_west/kisuki-line__w120kin.png,,False
lines,JR西日本,広島山口地区,,,04_west/untitled__w40hi.png;04_west/untitled__w40hi1.png;04_west/untitled__w40j.png;04_west/untitled__w23hi.png;04_west/untitled__w35hi.png;04_west/untitled__w58hiy.png;04_west/untitled__w58hiy-1.png;04_west/untitled__w20hi.png;04_west/untitled__w20hi1.png,True
lines,JR西日本,大嶺支線/みよし,,,04_west/miyoshi__w58mi.png;04_west/miyoshi__w58mi-1.png;04_west/miyoshi__w58hi2.png;04_west/miyoshi__w58hi2-1.png;04_west/miyoshi__w58hi1.png;04_west/miyoshi__w30om.png,True
lines,JR西日本,木次/三江線,,,04_west/kisuki-line__w52ks.png;04_west/kisuki-line__w53ks.png;04_west/kisuki-line__w40ki2.png;04_west/kisuki-line__w40ki.png,True
lines,JR西日本,西日本地区/因美,,04_west/west-japan-area__w40or.png;04_west/west-japan-area__w40in.png;04_west/west-japan-area__w40in1.png,,False
lines,JR西日本,境線/*,,04_west/sakai-line__w40ktro11.png;04_west/sakai-line__w40ktro12.png;04_west/sakai-line__w40ktro13.png;04_west/sakai-line__w40ktro14.png;04_west/sakai-line__w40ktro4.png;04_west/sakai-line__w40ktro3.png;04_west/sakai-line__w40ktro5.png;04_west/sakai-line__w40ktro6.png;04_west/sakai-line__w40ktro2.png;04_west/sakai-line__w33ktro2.png,,False
lines,JR西日本,境/山陰本線,,,04_west/sakai-line__w37or.png;04_west/sakai-line__w33or.png;04_west/sakai-line__w33o.png;04_west/sakai-line__w33tai.png;04_west/sakai-line__w33kani.png;04_west/sakai-line__w33tori.png;04_west/sakai-line__w40ktro1.png;04_west/sakai-line__w40yacht.png,True
lines,JR西日本,姫新線,,04_west/kishin-line__w122.png,,False
lines,JR西日本,加古川/小浜線,,04_west/kakogawa-obama__w103kg.png;04_west/kakogawa-obama__w103kgp.png;04_west/kakogawa-obama__w125bp.png;04_west/kakogawa-obama__w125b.png;04_west/kakogawa-obama__w125p.png;04_west/kakogawa-obama__w125.png;04_west/kakogawa-obama__w125c.png;04_west/kakogawa-obama__w125cp.png,,False
lines,JR西日本,播但/山陰線,,04_west/bantan-line__w41.png;04_west/bantan-line__w103ba.png;04_west/bantan-line__w103bap.png;04_west/bantan-line__w40bag1.png;04_west/bantan-line__w41bag1.png;04_west/bantan-line__w103bag1.png;04_west/bantan-line__w103bag2.png;04_west/bantan-line__w103bag3.png,,False
lines,JR西日本,小浜線,,,04_west/obama-line__w58ob4.png;04_west/obama-line__w58ob3.png;04_west/obama-line__w53ob.png;04_west/obama-line__w58ob.png;04_west/obama-line__w58ob2.png;04_west/obama-line__w40ob.png;04_west/obama-line__w58pat.png;04_west/obama-line__w113nob.png,True
lines,JR西日本,加古川線,,,04_west/kakogawa-line__w40ka.png;04_west/kakogawa-line__w40ka1.png;04_west/kakogawa-line__w40ka0.png;04_west/kakogawa-line__w20ka.png;04_west/kakogawa-line__w20ka1.png;04_west/kakogawa-line__w20ka0.png;04_west/kakogawa-line__w35ka.png;04_west/kakogawa-line__w30ka.png,True
lines,JR西日本,七尾線,,04_west/nanao-line__w521na.png,,False
lines,JR西日本,氷見城端線,2025,04_west/takaoka-area__w40tk1b.png;04_west/takaoka-area__w40tk1g.png;04_west/takaoka-area__w40tk1m.png;04_west/takaoka-area__w40tk1ro.png;04_west/himi-line__w40htr1p.png;04_west/himi-line__w40htr2p.png;04_west/himi-line__w40htr1o.png;04_west/himi-line__w40htr2o.png;04_west/himi-line__w40htr1b.png;04_west/himi-line__w40htr2b.png,04_west/himi-line__w40hm.png;04_west/himi-line__w40hmc.png;04_west/himi-line__w58hm.png;04_west/himi-line__w30hm0.png;04_west/himi-line__w52hm0.png;04_west/himi-line__w45hm0.png;04_west/himi-line__w40hm0.png;04_west/himi-line__w58hm0.png;04_west/himi-line__w45hm.png;04_west/himi-line__w34hm.png;04_west/himi-line-jr-jr-1-2-3-4-5-6-7-8-2025-8-22-update__w30tkp.png;04_west/himi-line-jr-jr-1-2-3-4-5-6-7-8-2025-8-22-update__w45tkp.png;04_west/himi-line-jr-jr-1-2-3-4-5-6-7-8-2025-8-22-update__w40tk0.png;04_west/himi-line-jr-jr-1-2-3-4-5-6-7-8-2025-8-22-update__w40tkp.png,False
lines,JR西日本,高山本線/大糸線,,04_west/takayama-line__w120gr.png;04_west/takayama-line__w120grn.png;04_west/takayama-line__w120re.png;04_west/takayama-line__w120ren.png;04_west/takayama-line__w120oi1.png;04_west/takayama-line__w120oi.png,,False
lines,JR西日本,越美北線/RN車,,04_west/kuzuryu-line__w120.png;04_west/kuzuryu-line__w120n.png;04_west/kuzuryu-line__w120et5.png;04_west/kuzuryu-line__w120et.png,,False
lines,JR西日本,越美北線,,04_west/kuzuryu-line__w120et1.png;04_west/kuzuryu-line__w120et2.png;04_west/kuzuryu-line__w120et3.png;04_west/kuzuryu-line__w120et4.png,,False
lines,JR西日本,北陸本線,,,04_west/hokuriku-line__w521.png;04_west/hokuriku-line__w521b.png;04_west/hokuriku-line__w521a.png;04_west/hokuriku-line__w521a1.png;04_west/hokuriku-line__w413b.png;04_west/hokuriku-line__w455hb.png;04_west/hokuriku-line__w455bb.png;04_west/hokuriku-line__w419h2.png;04_west/hokuriku-line__w419h1.png;04_west/hokuriku-line__w419l1.png;04_west/hokuriku-line__w475j.png;04_west/hokuriku-line__w455b.png;04_west/hokuriku-line__w455.png,True
lines,JR西日本,七尾線/能登路,,,04_west/nanao-line__w415r.png;04_west/nanao-line__w415r1.png;04_west/nanao-line__w413r.png;04_west/nanao-line__w415.png;04_west/nanao-line__w58na.png;04_west/nanao-line__w58na0.png;04_west/nanao-line__w58nt.png;04_west/nanao-line__w58nt1.png,True
lines,JR西日本,高山/大糸線,,,04_west/oito-line__w52tky.png;04_west/oito-line__w58tky.png;04_west/oito-line__w23tky.png;04_west/oito-line__w58tky1.png;04_west/oito-line__w58oi1.png;04_west/oito-line__w58oi.png,True
lines,JR四国,予讃線7000,,05_shikoku/yosan-line__s7000.png;05_shikoku/yosan-line__s7002.png;05_shikoku/yosan-line__s7001.png;05_shikoku/yosan-line__s7003.png,,False
lines,JR四国,予讃線6000RN/7200,,05_shikoku/takamatsu-area__s6000f.png;05_shikoku/takamatsu-area__s6000pf.png;05_shikoku/takamatsu-area__s7200.png,,False
lines,JR四国,徳島地区,,05_shikoku/untitled__s1200.png;05_shikoku/untitled__s1201.png;05_shikoku/untitled__s1200n.png;05_shikoku/untitled__s1551.png;05_shikoku/untitled__s1500.png;05_shikoku/untitled__s1501.png;05_shikoku/untitled__s1550.png;05_shikoku/untitled__s3600.png,,False
lines,JR四国,予土線32,2023,05_shikoku/yodo-line__s32kpuy1.png;05_shikoku/yodo-line__s32kpuy2.png;05_shikoku/yodo-line__s32oni1.png;05_shikoku/yodo-line__s32oni1k.png,05_shikoku/yodo-line-jr-jr-1-2-2023-10-6-update__s32uls.png;05_shikoku/yodo-line-jr-jr-1-2-2023-10-6-update__s32ulr.png;05_shikoku/yodo-line-jr-jr-1-2-2023-10-6-update__s32hb1.png;05_shikoku/yodo-line-jr-jr-1-2-2023-10-6-update__s32hb2.png;05_shikoku/yodo-line-jr-jr-1-2-2023-10-6-update__s32hb.png,False
lines,JR四国,高松地区6000,,,05_shikoku/takamatsu-area__s6001.png;05_shikoku/takamatsu-area__s6001p.png;05_shikoku/takamatsu-area__s6000.png;05_shikoku/takamatsu-area__s6000p.png,True
lines,JR四国,予讃線,,,05_shikoku/yosan-line__s121r.png;05_shikoku/yosan-line__s121.png;05_shikoku/yosan-line__s121n.png;05_shikoku/yosan-line__s121pbnb.png;05_shikoku/yosan-line__s111.png;05_shikoku/yosan-line__s111m.png;05_shikoku/yosan-line__s111a.png;05_shikoku/yosan-line__s111sh.png;05_shikoku/yosan-line__s113bl.png;05_shikoku/yosan-line__s113re.png;05_shikoku/yosan-line__s113ye.png,True
lines,JR四国,四国各線,,,05_shikoku/shikoku-area__s45.png;05_shikoku/shikoku-area__s58.png;05_shikoku/shikoku-area__s58b.png;05_shikoku/shikoku-area__s58sk.png;05_shikoku/shikoku-area__s65b.png;05_shikoku/shikoku-area__s65.png;05_shikoku/shikoku-area__s20b.png;05_shikoku/shikoku-area__s20.png;05_shikoku/shikoku-area__s30.png,True
lines,JR四国,四国各線54/32,,,05_shikoku/shikoku-area__s54r.png;05_shikoku/shikoku-area__s54or.png;05_shikoku/shikoku-area__s32or.png;05_shikoku/shikoku-area__s32re.png;05_shikoku/shikoku-area__s32b2.png;05_shikoku/shikoku-area__s32bl.png;05_shikoku/shikoku-area__s32.png;05_shikoku/shikoku-area__s32n.png,True
lines,JR九州,くまモン色,,06_kyushu/kyushu-area__k800km.png;06_kyushu/kyushu-area__k200km.png,,False
lines,JR九州,筑肥線/鹿児島線,307 811,06_kyushu/fukuoka-area-307-811__k307qpo.png;06_kyushu/fukuoka-area-307-811__k811qpo.png,,False
lines,JR九州,九州各線/ソニック,,06_kyushu/kamome-sonic__k787.png;06_kyushu/kamome-sonic__k783s.png;06_kyushu/kamome-sonic__k885kb.png;06_kyushu/kamome-sonic__k885s.png,,False
lines,JR九州,関門地区501,,06_kyushu/kitakyushu-area__k501.png;06_kyushu/kitakyushu-area__k501k.png,,False
lines,JR九州,筑肥線307,,06_kyushu/chikuhi-line__k307.png,,False
lines,JR九州,筑肥線303,,06_kyushu/chikuhi-line__k303f.png;06_kyushu/chikuhi-line__k303fs.png;06_kyushu/chikuhi-line__k303ll.png;06_kyushu/chikuhi-line__k303lls.png,,False
lines,JR九州,筑肥線,,06_kyushu/chikuhi-line__k305.png;06_kyushu/chikuhi-line__k303.png;06_kyushu/chikuhi-line__k103r2.png;06_kyushu/chikuhi-line__k103.png,06_kyushu/chikuhi-line__k303o2.png;06_kyushu/chikuhi-line__k303o.png;06_kyushu/chikuhi-line__k103r1.png,False
lines,JR九州,筑肥線103-15,,,06_kyushu/chikuhi-line__k103blj.png;06_kyushu/chikuhi-line__k103k15.png,True
lines,JR九州,北九州地区,,06_kyushu/fukuoka-area__k821.png;06_kyushu/fukuoka-area__k817-2.png;06_kyushu/fukuoka-area__k817-11.png;06_kyushu/fukuoka-area__k817.png;06_kyushu/fukuoka-area__k817f.png;06_kyushu/fukuoka-area__k813n1.png;06_kyushu/fukuoka-area__k813sr.png;06_kyushu/fukuoka-area__k813.png;06_kyushu/fukuoka-area__k811n.png;06_kyushu/fukuoka-area__k811nl.png;06_kyushu/fukuoka-area__k811s.png,06_kyushu/fukuoka-area__k813o.png;06_kyushu/fukuoka-area__k811.png,False
lines,JR九州,鹿児島線/-300*,300,06_kyushu/kagoshima-line__k813n1r.png;06_kyushu/kagoshima-line__k813r3.png,,False
lines,JR九州,福北ゆたか線,,06_kyushu/sasaguri-line__k813n.png,,False
lines,JR九州,大分地区415,,06_kyushu/oita-area__k415-0.png;06_kyushu/oita-area__k415.png,,False
lines,JR九州,九州各地区,,06_kyushu/kyushu-area__k40.png;06_kyushu/kyushu-area__k40a.png,,False
lines,JR九州,日田彦山線,,06_kyushu/hitah-hikosan-line__k147hkm.png,,False
lines,JR九州,大分熊本地区,,06_kyushu/oita-kumamoto__k815s.png;06_kyushu/oita-kumamoto__k220.png;06_kyushu/oita-kumamoto__k200re.png,06_kyushu/oita-kumamoto__k815.png;06_kyushu/oita-kumamoto__k31sk.png;06_kyushu/oita-kumamoto__k31.png,False
lines,JR九州,大村線,,06_kyushu/omura-line__k1.png,06_kyushu/omura-line__k200bl.png;06_kyushu/omura-line__k220b.png;06_kyushu/omura-line__k66htb.png;06_kyushu/omura-line__k200htb.png;06_kyushu/omura-line__k66ssl.png;06_kyushu/omura-line__k58ssl.png;06_kyushu/omura-line__k65ssl.png;06_kyushu/omura-line__k58ssl2.png;06_kyushu/omura-line__k65ssl2.png,False
lines,JR九州,"指宿,久大,日南線",,06_kyushu/kyushu-area__k200ye.png;06_kyushu/kyushu-area__k125.png;06_kyushu/kyushu-area__k40ye.png,,False
lines,JR九州,宮崎地区/香椎/若松線,,06_kyushu/miyazaki-kashii__k713sn.png;06_kyushu/miyazaki-kashii__k819.png,,False
lines,JR九州,佐賀地区やきもの園,,06_kyushu/karatsu-line__k125yak.png,,False
lines,JR九州,長崎本線47,,06_kyushu/nagasaki-line__k40km.png,,False
lines,JR九州,肥薩線200,,,06_kyushu/hisatsu-line__k200r11.png,True
lines,JR九州,筑肥線305LED灯,,06_kyushu/chikuhi-line__k305l.png,,False
lines,JR九州,鹿児島本線LED灯,,06_kyushu/kagoshima-line__k813r.png;06_kyushu/kagoshima-line__k815l.png,,False
lines,JR九州,九州各線,,,06_kyushu/kyushu-area__k66.png;06_kyushu/kyushu-area__k45.png;06_kyushu/kyushu-area__k52a.png;06_kyushu/kyushu-area__k52b.png;06_kyushu/kyushu-area__k30.png;06_kyushu/kyushu-area__k52.png;06_kyushu/kyushu-area__k52w.png;06_kyushu/kyushu-area__k35.png,True
lines,JR九州,長崎本線,,,06_kyushu/nagasaki-line__k58.png;06_kyushu/nagasaki-line__k58hf.png;06_kyushu/nagasaki-line__k58-1.png;06_kyushu/nagasaki-line__k58sk.png;06_kyushu/nagasaki-line__k715h.png;06_kyushu/nagasaki-line__k715l.png,True
lines,JR九州,九州地区475,,,06_kyushu/kyushu-area__k475d.png;06_kyushu/kyushu-area__k475d1.png,True
lines,JR九州,香椎線,,,06_kyushu/kashii-line__k40aq.png,True
lines,JR九州,三角線トロッコ,,,06_kyushu/misumi-line__k70000b.png;06_kyushu/misumi-line__k70000bw.png;06_kyushu/misumi-line__k70000r.png;06_kyushu/misumi-line__k70000rw.png,True
